{"type":"FeatureCollection","features":[{"type":"Feature","id":"parkings-des-operateurs-de-stationnements-de-la-metropole-de-lyon.fid--61bf6ba1_1a074192531_74e6","geometry":{"type":"Point","coordinates":[4.92224084,45.76043881]},"geometry_name":"the_geom","properties":{"gid":206,"id":"69256-P-006","nom":"Vaulx en Velin La Soie","gestionnaire":"TCL","id_gestionnaire":"SOI","insee":"69256","adresse":null,"url":null,"type_usagers":null,"gratuit":null,"nb_places":460,"nb_pr":460,"nb_pmr":null,"nb_voitures_electriques":null,"nb_velo":null,"nb_2r_el":null,"nb_autopartage":null,"nb_2_rm":null,"nb_covoit":null,"hauteur_max":null,"num_siret":"30807763500024","tarif_pmr":null,"tarif_1h":null,"tarif_2h":null,"tarif_3h":null,"tarif_4h":null,"tarif_24h":null,"abo_resident":null,"abo_non_resident":null,"type_ouvrage":null,"info":"Ouvert de 4h30 à 1h00 du dimanche au jeudi, et de 4h30 à 3h00 les vendredis et samedis","info_temps_reel":true,"last_update":"2026-09-05T05:00:02+02:00"},"bbox":[4.92224084,45.76043881,4.92224084,45.76043881]},{"type":"Feature","id":"parkings-des-operateurs-de-stationnements-de-la-metropole-de-lyon.fid--61bf6ba1_1a074192531_74e7","geometry":{"type":"Point","coordinates":[4.8617,45.76054004]},"geometry_name":"the_geom","properties":{"gid":172,"id":"69123-P-094","nom":"LPA Villette P2","gestionnaire":"LPA","id_gestionnaire":"LPA0739","insee":"69123","adresse":"38 rue de la Villette, 69003, Lyon","url":"http://www.lpa.fr/se-garer-dans-un-parking/tous-les-parkings/gare-part-dieu/#informations","type_usagers":"tous","gratuit":false,"nb_places":1740,"nb_pr":null,"nb_pmr":11,"nb_voitures_electriques":10,"nb_velo":0,"nb_2r_el":null,"nb_autopartage":0,"nb_2_rm":33,"nb_covoit":null,"hauteur_max":"190","num_siret":"96950545200017","tarif_pmr":null,"tarif_1h":3.6,"tarif_2h":7.2,"tarif_3h":10.8,"tarif_4h":14.4,"tarif_24h":34,"abo_resident":null,"abo_non_resident":null,"type_ouvrage":"ouvrage","info":null,"info_temps_reel":true,"last_update":"2026-09-01T11:00:44.408+02:00"},"bbox":[4.8617,45.76054004,4.8617,45.76054004]},{"type":"Feature","id":"parkings-des-operateurs-de-stationnements-de-la-metropole-de-lyon.fid--61bf6ba1_1a074192531_74e8","geometry":{"type":"Point","coordinates":[4.80804,45.71669004]},"geometry_name":"the_geom","properties":{"gid":190,"id":"69149-P-005","nom":"LPA Arlès-Dufour","gestionnaire":"LPA","id_gestionnaire":"LPA0776","insee":"69149","adresse":"27 Rue Narcisse Bertholey, 69600, Oullins","url":"http://www.lpa.fr/se-garer-dans-un-parking/tous-les-parkings/arles-dufour/#informations","type_usagers":"tous","gratuit":false,"nb_places":200,"nb_pr":null,"nb_pmr":7,"nb_voitures_electriques":0,"nb_velo":0,"nb_2r_el":null,"nb_autopartage":0,"nb_2_rm":8,"nb_covoit":null,"hauteur_max":"195","num_siret":"96950545200017","tarif_pmr":null,"tarif_1h":1.8,"tarif_2h":3.6,"tarif_3h":5.4,"tarif_4h":7.2,"tarif_24h":null,"abo_resident":48,"abo_non_resident":69,"type_ouvrage":"ouvrage","info":null,"info_temps_reel":true,"last_update":"2026-09-01T11:00:44.409+02:00"},"bbox":[4.80804,45.71669004,4.80804,45.71669004]},{"type":"Feature","id":"parkings-des-operateurs-de-stationnements-de-la-metropole-de-lyon.fid--61bf6ba1_1a074192531_74e9","geometry":{"type":"Point","coordinates":[4.83287,45.78162004]},"geometry_name":"the_geom","properties":{"gid":171,"id":"69123-P-099","nom":"LPA Croix Rousse","gestionnaire":"LPA","id_gestionnaire":"LPA0738","insee":"69123","adresse":"73 rue de Belfort, 69004, Lyon","url":"http://www.lpa.fr/se-garer-dans-un-parking/tous-les-parkings/croix-rousse/#informations","type_usagers":"tous","gratuit":false,"nb_places":327,"nb_pr":null,"nb_pmr":7,"nb_voitures_electriques":0,"nb_velo":60,"nb_2r_el":null,"nb_autopartage":3,"nb_2_rm":59,"nb_covoit":null,"hauteur_max":"190","num_siret":"96950545200017","tarif_pmr":null,"tarif_1h":3.2,"tarif_2h":6.4,"tarif_3h":9.600000000000001,"tarif_4h":12.8,"tarif_24h":46.6,"abo_resident":98,"abo_non_resident":140,"type_ouvrage":"ouvrage","info":null,"info_temps_reel":true,"last_update":"2026-09-01T11:00:44.402+02:00"},"bbox":[4.83287,45.78162004,4.83287,45.78162004]},{"type":"Feature","id":"parkings-des-operateurs-de-stationnements-de-la-metropole-de-lyon.fid--61bf6ba1_1a074192531_74ea","geometry":{"type":"Point","coordinates":[4.84377949,45.75278347]},"geometry_name":"the_geom","properties":{"gid":5,"id":"69123-P-007","nom":"Guillotière - St Michel","gestionnaire":"LPA&CO","id_gestionnaire":"LPACO-0007","insee":"69123","adresse":"13 Rue Saint-Michel, 69007, Lyon","url":"https://www.lpa-and-co.fr/","type_usagers":"abonnés","gratuit":false,"nb_places":-1,"nb_pr":null,"nb_pmr":null,"nb_voitures_electriques":null,"nb_velo":null,"nb_2r_el":null,"nb_autopartage":null,"nb_2_rm":null,"nb_covoit":null,"hauteur_max":"190","num_siret":"96950545200017","tarif_pmr":null,"tarif_1h":null,"tarif_2h":null,"tarif_3h":null,"tarif_4h":null,"tarif_24h":null,"abo_resident":120,"abo_non_resident":120,"type_ouvrage":null,"info":null,"info_temps_reel":false,"last_update":"2026-09-01T11:00:44.362+02:00"},"bbox":[4.84377949,45.75278347,4.84377949,45.75278347]},{"type":"Feature","id":"parkings-des-operateurs-de-stationnements-de-la-metropole-de-lyon.fid--61bf6ba1_1a074192531_74eb","geometry":{"type":"Point","coordinates":[4.8463236,45.74595564]},"geometry_name":"the_geom","properties":{"gid":6,"id":"69123-P-009","nom":"Jean Macé - Jaboulay","gestionnaire":"LPA&CO","id_gestionnaire":"LPACO-0009","insee":"69123","adresse":"80 Rue Chevreul, 69007, Lyon","url":"https://www.lpa-and-co.fr/","type_usagers":"abonnés","gratuit":false,"nb_places":-1,"nb_pr":null,"nb_pmr":null,"nb_voitures_electriques":null,"nb_velo":null,"nb_2r_el":null,"nb_autopartage":null,"nb_2_rm":null,"nb_covoit":null,"hauteur_max":"185","num_siret":"96950545200017","tarif_pmr":null,"tarif_1h":null,"tarif_2h":3,"tarif_3h":null,"tarif_4h":null,"tarif_24h":24,"abo_resident":95,"abo_non_resident":95,"type_ouvrage":null,"info":null,"info_temps_reel":false,"last_update":"2026-09-01T11:00:44.362+02:00"},"bbox":[4.8463236,45.74595564,4.8463236,45.74595564]},{"type":"Feature","id":"parkings-des-operateurs-de-stationnements-de-la-metropole-de-lyon.fid--61bf6ba1_1a074192531_74ec","geometry":{"type":"Point","coordinates":[4.837211,45.76446304]},"geometry_name":"the_geom","properties":{"gid":164,"id":"69123-P-089","nom":"LPA Cordeliers","gestionnaire":"LPA","id_gestionnaire":"LPA0702","insee":"69123","adresse":"11 rue Antoine Sallès, 69002, Lyon","url":"http://www.lpa.fr/se-garer-dans-un-parking/tous-les-parkings/cordeliers/#informations","type_usagers":"tous","gratuit":false,"nb_places":793,"nb_pr":null,"nb_pmr":10,"nb_voitures_electriques":20,"nb_velo":115,"nb_2r_el":null,"nb_autopartage":7,"nb_2_rm":30,"nb_covoit":null,"hauteur_max":"180","num_siret":"96950545200017","tarif_pmr":null,"tarif_1h":3.4,"tarif_2h":6.8,"tarif_3h":10.2,"tarif_4h":13.6,"tarif_24h":52.8,"abo_resident":232,"abo_non_resident":232,"type_ouvrage":"ouvrage","info":null,"info_temps_reel":true,"last_update":"2026-09-01T11:00:44.402+02:00"},"bbox":[4.837211,45.76446304,4.837211,45.76446304]},{"type":"Feature","id":"parkings-des-operateurs-de-stationnements-de-la-metropole-de-lyon.fid--61bf6ba1_1a074192531_74ed","geometry":{"type":"Point","coordinates":[4.85863771,45.75084691]},"geometry_name":"the_geom","properties":{"gid":7,"id":"69123-P-020","nom":"Université Lyon 3 - Boisard","gestionnaire":"LPA&CO","id_gestionnaire":"LPACO-0020","insee":"69123","adresse":"29 Rue Abbé Boisard, 69003, Lyon","url":"https://www.lpa-and-co.fr/","type_usagers":"abonnés","gratuit":false,"nb_places":-1,"nb_pr":null,"nb_pmr":null,"nb_voitures_electriques":null,"nb_velo":null,"nb_2r_el":null,"nb_autopartage":null,"nb_2_rm":null,"nb_covoit":null,"hauteur_max":"185","num_siret":"96950545200017","tarif_pmr":null,"tarif_1h":null,"tarif_2h":null,"tarif_3h":null,"tarif_4h":null,"tarif_24h":null,"abo_resident":90,"abo_non_resident":90,"type_ouvrage":null,"info":null,"info_temps_reel":false,"last_update":"2026-09-01T11:00:44.362+02:00"},"bbox":[4.85863771,45.75084691,4.85863771,45.75084691]},{"type":"Feature","id":"parkings-des-operateurs-de-stationnements-de-la-metropole-de-lyon.fid--61bf6ba1_1a074192531_74ee","geometry":{"type":"Point","coordinates":[4.862898,45.75867404]},"geometry_name":"the_geom","properties":{"gid":189,"id":"69123-P-134","nom":"LPA Galaxie P3","gestionnaire":"LPA","id_gestionnaire":"LPA0716","insee":"69123","adresse":"70 rue Maurice Flandin, 69003, Lyon","url":"http://www.lpa.fr/se-garer-dans-un-parking/tous-les-parkings/villette/#informations","type_usagers":"tous","gratuit":false,"nb_places":704,"nb_pr":null,"nb_pmr":11,"nb_voitures_electriques":7,"nb_velo":102,"nb_2r_el":null,"nb_autopartage":0,"nb_2_rm":14,"nb_covoit":null,"hauteur_max":"180","num_siret":"96950545200017","tarif_pmr":null,"tarif_1h":3.6,"tarif_2h":7.2,"tarif_3h":10.8,"tarif_4h":14.4,"tarif_24h":34,"abo_resident":242,"abo_non_resident":242,"type_ouvrage":"ouvrage","info":null,"info_temps_reel":true,"last_update":"2026-09-01T11:00:44.409+02:00"},"bbox":[4.862898,45.75867404,4.862898,45.75867404]},{"type":"Feature","id":"parkings-des-operateurs-de-stationnements-de-la-metropole-de-lyon.fid--61bf6ba1_1a074192531_74ef","geometry":{"type":"Point","coordinates":[4.8687362,45.75233824]},"geometry_name":"the_geom","properties":{"gid":9,"id":"69123-P-005","nom":"Dauphiné - Lacassagne","gestionnaire":"LPA&CO","id_gestionnaire":"LPACO-0005","insee":"69123","adresse":"5 Rue Professeur Paul Sisley, 69003, Lyon","url":"https://www.lpa-and-co.fr/","type_usagers":"abonnés","gratuit":false,"nb_places":-1,"nb_pr":null,"nb_pmr":null,"nb_voitures_electriques":null,"nb_velo":null,"nb_2r_el":null,"nb_autopartage":null,"nb_2_rm":null,"nb_covoit":null,"hauteur_max":"220","num_siret":"96950545200017","tarif_pmr":null,"tarif_1h":null,"tarif_2h":null,"tarif_3h":null,"tarif_4h":null,"tarif_24h":null,"abo_resident":105,"abo_non_resident":105,"type_ouvrage":null,"info":null,"info_temps_reel":false,"last_update":"2026-09-01T11:00:44.363+02:00"},"bbox":[4.8687362,45.75233824,4.8687362,45.75233824]},{"type":"Feature","id":"parkings-des-operateurs-de-stationnements-de-la-metropole-de-lyon.fid--61bf6ba1_1a074192531_74f0","geometry":{"type":"Point","coordinates":[4.87498675,45.74763876]},"geometry_name":"the_geom","properties":{"gid":10,"id":"69123-P-018","nom":"Albert Thomas - Gazagnon","gestionnaire":"LPA&CO","id_gestionnaire":"LPACO-0018","insee":"69123","adresse":"8 Impasse Gazagnon, 69003, Lyon","url":"https://www.lpa-and-co.fr/","type_usagers":"abonnés","gratuit":false,"nb_places":-1,"nb_pr":null,"nb_pmr":null,"nb_voitures_electriques":null,"nb_velo":null,"nb_2r_el":null,"nb_autopartage":null,"nb_2_rm":null,"nb_covoit":null,"hauteur_max":"200","num_siret":"96950545200017","tarif_pmr":null,"tarif_1h":null,"tarif_2h":null,"tarif_3h":null,"tarif_4h":null,"tarif_24h":null,"abo_resident":90,"abo_non_resident":90,"type_ouvrage":null,"info":null,"info_temps_reel":false,"last_update":"2026-09-01T11:00:44.363+02:00"},"bbox":[4.87498675,45.74763876,4.87498675,45.74763876]},{"type":"Feature","id":"parkings-des-operateurs-de-stationnements-de-la-metropole-de-lyon.fid--61bf6ba1_1a074192531_74f1","geometry":{"type":"Point","coordinates":[4.89453,45.75287554]},"geometry_name":"the_geom","properties":{"gid":11,"id":"69123-P-010","nom":"Montchat - Dr Long","gestionnaire":"LPA&CO","id_gestionnaire":"LPACO-0010","insee":"69123","adresse":"177 Cours Dr Long, 69003, Lyon","url":"https://www.lpa-and-co.fr/","type_usagers":"abonnés","gratuit":false,"nb_places":-1,"nb_pr":null,"nb_pmr":null,"nb_voitures_electriques":null,"nb_velo":null,"nb_2r_el":null,"nb_autopartage":null,"nb_2_rm":null,"nb_covoit":null,"hauteur_max":"190","num_siret":"96950545200017","tarif_pmr":null,"tarif_1h":null,"tarif_2h":null,"tarif_3h":null,"tarif_4h":null,"tarif_24h":null,"abo_resident":95,"abo_non_resident":95,"type_ouvrage":null,"info":null,"info_temps_reel":false,"last_update":"2026-09-01T11:00:44.363+02:00"},"bbox":[4.89453,45.75287554,4.89453,45.75287554]},{"type":"Feature","id":"parkings-des-operateurs-de-stationnements-de-la-metropole-de-lyon.fid--61bf6ba1_1a074192531_74f2","geometry":{"type":"Point","coordinates":[4.8334,45.73570484]},"geometry_name":"the_geom","properties":{"gid":12,"id":"69123-P-008","nom":"Jean Jaurès - Simone de Beauvoir","gestionnaire":"LPA&CO","id_gestionnaire":"LPACO-0008","insee":"69123","adresse":"15 Rue Simone de Beauvoir, 69007, Lyon","url":"https://www.lpa-and-co.fr/","type_usagers":"abonnés","gratuit":false,"nb_places":-1,"nb_pr":null,"nb_pmr":null,"nb_voitures_electriques":null,"nb_velo":null,"nb_2r_el":null,"nb_autopartage":null,"nb_2_rm":null,"nb_covoit":null,"hauteur_max":"180","num_siret":"96950545200017","tarif_pmr":null,"tarif_1h":null,"tarif_2h":null,"tarif_3h":null,"tarif_4h":null,"tarif_24h":null,"abo_resident":97,"abo_non_resident":97,"type_ouvrage":null,"info":null,"info_temps_reel":false,"last_update":"2026-09-01T11:00:44.363+02:00"},"bbox":[4.8334,45.73570484,4.8334,45.73570484]},{"type":"Feature","id":"parkings-des-operateurs-de-stationnements-de-la-metropole-de-lyon.fid--61bf6ba1_1a074192531_74f3","geometry":{"type":"Point","coordinates":[4.85266281,45.76566894]},"geometry_name":"the_geom","properties":{"gid":13,"id":"69123-P-034","nom":"Part-Dieu – Vauban","gestionnaire":"LPA&CO","id_gestionnaire":"LPACO-0034","insee":"69123","adresse":"106 Rue Vauban, 69006, Lyon","url":"https://www.lpa-and-co.fr/","type_usagers":"abonnés","gratuit":false,"nb_places":-1,"nb_pr":null,"nb_pmr":null,"nb_voitures_electriques":null,"nb_velo":null,"nb_2r_el":null,"nb_autopartage":null,"nb_2_rm":null,"nb_covoit":null,"hauteur_max":"190","num_siret":"96950545200017","tarif_pmr":null,"tarif_1h":null,"tarif_2h":3,"tarif_3h":null,"tarif_4h":null,"tarif_24h":24,"abo_resident":8,"abo_non_resident":8,"type_ouvrage":null,"info":null,"info_temps_reel":false,"last_update":"2026-09-01T11:00:44.363+02:00"},"bbox":[4.85266281,45.76566894,4.85266281,45.76566894]},{"type":"Feature","id":"parkings-des-operateurs-de-stationnements-de-la-metropole-de-lyon.fid--61bf6ba1_1a074192531_74f4","geometry":{"type":"Point","coordinates":[4.8548177,45.76551004]},"geometry_name":"the_geom","properties":{"gid":14,"id":"69123-P-033","nom":"Part-Dieu - Masséna","gestionnaire":"LPA&CO","id_gestionnaire":"LPACO-0033","insee":"69123","adresse":"102 Rue Masséna, 69006, Lyon","url":"https://www.lpa-and-co.fr/","type_usagers":"abonnés","gratuit":false,"nb_places":-1,"nb_pr":null,"nb_pmr":null,"nb_voitures_electriques":null,"nb_velo":null,"nb_2r_el":null,"nb_autopartage":null,"nb_2_rm":null,"nb_covoit":null,"hauteur_max":"190","num_siret":"96950545200017","tarif_pmr":null,"tarif_1h":null,"tarif_2h":3,"tarif_3h":null,"tarif_4h":null,"tarif_24h":24,"abo_resident":135,"abo_non_resident":135,"type_ouvrage":null,"info":null,"info_temps_reel":false,"last_update":"2026-09-01T11:00:44.363+02:00"},"bbox":[4.8548177,45.76551004,4.8548177,45.76551004]},{"type":"Feature","id":"parkings-des-operateurs-de-stationnements-de-la-metropole-de-lyon.fid--61bf6ba1_1a074192531_74f5","geometry":{"type":"Point","coordinates":[4.80623992,45.78242076]},"geometry_name":"the_geom","properties":{"gid":210,"id":"69123-P-143","nom":"Vaise 2","gestionnaire":"TCL","id_gestionnaire":"VAI2","insee":"69123","adresse":null,"url":null,"type_usagers":null,"gratuit":null,"nb_places":730,"nb_pr":730,"nb_pmr":null,"nb_voitures_electriques":null,"nb_velo":null,"nb_2r_el":null,"nb_autopartage":null,"nb_2_rm":null,"nb_covoit":null,"hauteur_max":null,"num_siret":"30807763500024","tarif_pmr":null,"tarif_1h":null,"tarif_2h":null,"tarif_3h":null,"tarif_4h":null,"tarif_24h":null,"abo_resident":null,"abo_non_resident":null,"type_ouvrage":null,"info":"Ouvert de 4h30 à 1h du lundi au jeudi, de 4h30 à 3h le vendredi, de 12h à 3h le samedi - Fermé les dimanches et jours fériés","info_temps_reel":true,"last_update":"2026-09-05T05:00:02+02:00"},"bbox":[4.80623992,45.78242076,4.80623992,45.78242076]},{"type":"Feature","id":"parkings-des-operateurs-de-stationnements-de-la-metropole-de-lyon.fid--61bf6ba1_1a074192531_74f6","geometry":{"type":"Point","coordinates":[4.86224592,45.74979763]},"geometry_name":"the_geom","properties":{"gid":22,"id":"69123-P-031","nom":"Saint-Théodore","gestionnaire":"LPA&CO","id_gestionnaire":"LPACO-0031","insee":"69123","adresse":"4 Rue du Dauphiné, 69003, Lyon","url":"https://www.lpa-and-co.fr/","type_usagers":"abonnés","gratuit":false,"nb_places":-1,"nb_pr":null,"nb_pmr":null,"nb_voitures_electriques":null,"nb_velo":null,"nb_2r_el":null,"nb_autopartage":null,"nb_2_rm":null,"nb_covoit":null,"hauteur_max":"195","num_siret":"96950545200017","tarif_pmr":null,"tarif_1h":null,"tarif_2h":null,"tarif_3h":null,"tarif_4h":null,"tarif_24h":null,"abo_resident":80,"abo_non_resident":80,"type_ouvrage":null,"info":null,"info_temps_reel":false,"last_update":"2026-09-01T11:00:44.363+02:00"},"bbox":[4.86224592,45.74979763,4.86224592,45.74979763]},{"type":"Feature","id":"parkings-des-operateurs-de-stationnements-de-la-metropole-de-lyon.fid--61bf6ba1_1a074192531_74f7","geometry":{"type":"Point","coordinates":[4.8649296,45.74436474]},"geometry_name":"the_geom","properties":{"gid":23,"id":"69123-P-003","nom":"Monplaisir Lumière","gestionnaire":"LPA&CO","id_gestionnaire":"LPACO-0003","insee":"69123","adresse":"10 Rue Saint-Fulbert, 69008, Lyon","url":"https://www.lpa-and-co.fr/","type_usagers":"abonnés","gratuit":false,"nb_places":-1,"nb_pr":null,"nb_pmr":null,"nb_voitures_electriques":null,"nb_velo":null,"nb_2r_el":null,"nb_autopartage":null,"nb_2_rm":null,"nb_covoit":null,"hauteur_max":"190","num_siret":"96950545200017","tarif_pmr":null,"tarif_1h":null,"tarif_2h":null,"tarif_3h":null,"tarif_4h":null,"tarif_24h":null,"abo_resident":90,"abo_non_resident":90,"type_ouvrage":null,"info":null,"info_temps_reel":false,"last_update":"2026-09-01T11:00:44.363+02:00"},"bbox":[4.8649296,45.74436474,4.8649296,45.74436474]},{"type":"Feature","id":"parkings-des-operateurs-de-stationnements-de-la-metropole-de-lyon.fid--61bf6ba1_1a074192531_74f8","geometry":{"type":"Point","coordinates":[4.8761289,45.74968254]},"geometry_name":"the_geom","properties":{"gid":24,"id":"69123-P-016","nom":"Montchat - Jules Verne","gestionnaire":"LPA&CO","id_gestionnaire":"LPACO-0016","insee":"69123","adresse":"115 Avenue Lacassagne, 69003, Lyon","url":"https://www.lpa-and-co.fr/","type_usagers":"abonnés","gratuit":false,"nb_places":-1,"nb_pr":null,"nb_pmr":null,"nb_voitures_electriques":null,"nb_velo":null,"nb_2r_el":null,"nb_autopartage":null,"nb_2_rm":null,"nb_covoit":null,"hauteur_max":"190","num_siret":"96950545200017","tarif_pmr":null,"tarif_1h":null,"tarif_2h":null,"tarif_3h":null,"tarif_4h":null,"tarif_24h":null,"abo_resident":65,"abo_non_resident":65,"type_ouvrage":null,"info":null,"info_temps_reel":false,"last_update":"2026-09-01T11:00:44.363+02:00"},"bbox":[4.8761289,45.74968254,4.8761289,45.74968254]},{"type":"Feature","id":"parkings-des-operateurs-de-stationnements-de-la-metropole-de-lyon.fid--61bf6ba1_1a074192531_74f9","geometry":{"type":"Point","coordinates":[5.076918,45.71975304]},"geometry_name":"the_geom","properties":{"gid":176,"id":"69299-P-001","nom":"LPA Aéroport Lyon Saint Exupéry P1 ","gestionnaire":"LPA","id_gestionnaire":"LPA0750","insee":"69299","adresse":"Aéroport Saint Exupéry P1, 69125, Colombier-Saugnieu","url":"http://www.lpa.fr/se-garer-dans-un-parking/tous-les-parkings/st-exupery-p1/#informations","type_usagers":"tous","gratuit":false,"nb_places":1968,"nb_pr":null,"nb_pmr":10,"nb_voitures_electriques":10,"nb_velo":0,"nb_2r_el":null,"nb_autopartage":0,"nb_2_rm":11,"nb_covoit":null,"hauteur_max":"190","num_siret":"96950545200017","tarif_pmr":null,"tarif_1h":null,"tarif_2h":null,"tarif_3h":null,"tarif_4h":null,"tarif_24h":64.9,"abo_resident":null,"abo_non_resident":null,"type_ouvrage":"ouvrage","info":null,"info_temps_reel":true,"last_update":"2026-09-01T11:00:44.409+02:00"},"bbox":[5.076918,45.71975304,5.076918,45.71975304]},{"type":"Feature","id":"parkings-des-operateurs-de-stationnements-de-la-metropole-de-lyon.fid--61bf6ba1_1a074192531_74fa","geometry":{"type":"Point","coordinates":[4.83773,45.76852204]},"geometry_name":"the_geom","properties":{"gid":184,"id":"69123-P-082","nom":"LPA Hôtel de Ville","gestionnaire":"LPA","id_gestionnaire":"LPA0764","insee":"69123","adresse":"place Louis Pradel, 69001, Lyon","url":"http://www.lpa.fr/se-garer-dans-un-parking/tous-les-parkings/hotel-de-ville/#informations","type_usagers":"tous","gratuit":false,"nb_places":211,"nb_pr":null,"nb_pmr":4,"nb_voitures_electriques":0,"nb_velo":62,"nb_2r_el":null,"nb_autopartage":6,"nb_2_rm":6,"nb_covoit":null,"hauteur_max":"190","num_siret":"96950545200017","tarif_pmr":null,"tarif_1h":3.4,"tarif_2h":6.8,"tarif_3h":10.2,"tarif_4h":13.6,"tarif_24h":52.8,"abo_resident":133,"abo_non_resident":232,"type_ouvrage":"ouvrage","info":null,"info_temps_reel":true,"last_update":"2026-09-01T11:00:44.409+02:00"},"bbox":[4.83773,45.76852204,4.83773,45.76852204]},{"type":"Feature","id":"parkings-des-operateurs-de-stationnements-de-la-metropole-de-lyon.fid--61bf6ba1_1a074192531_74fb","geometry":{"type":"Point","coordinates":[4.85735315,45.76486009]},"geometry_name":"the_geom","properties":{"gid":15,"id":"69123-P-029","nom":"Part-Dieu - Brotteaux","gestionnaire":"LPA&CO","id_gestionnaire":"LPACO-0029","insee":"69123","adresse":"49 Boulevard des Brotteaux, 69006, Lyon","url":"https://www.lpa-and-co.fr/","type_usagers":"abonnés","gratuit":false,"nb_places":-1,"nb_pr":null,"nb_pmr":null,"nb_voitures_electriques":null,"nb_velo":null,"nb_2r_el":null,"nb_autopartage":null,"nb_2_rm":null,"nb_covoit":null,"hauteur_max":"190","num_siret":"96950545200017","tarif_pmr":null,"tarif_1h":null,"tarif_2h":3,"tarif_3h":null,"tarif_4h":null,"tarif_24h":24,"abo_resident":125,"abo_non_resident":125,"type_ouvrage":null,"info":null,"info_temps_reel":false,"last_update":"2026-09-01T11:00:44.363+02:00"},"bbox":[4.85735315,45.76486009,4.85735315,45.76486009]},{"type":"Feature","id":"parkings-des-operateurs-de-stationnements-de-la-metropole-de-lyon.fid--61bf6ba1_1a074192531_74fc","geometry":{"type":"Point","coordinates":[4.86248494,45.7675379]},"geometry_name":"the_geom","properties":{"gid":16,"id":"69123-P-035","nom":"Thiers - Bellecombe","gestionnaire":"LPA&CO","id_gestionnaire":"LPACO-0035","insee":"69123","adresse":"28 Rue Petrequin, 69006, Lyon","url":"https://www.lpa-and-co.fr/","type_usagers":"abonnés","gratuit":false,"nb_places":-1,"nb_pr":null,"nb_pmr":null,"nb_voitures_electriques":null,"nb_velo":null,"nb_2r_el":null,"nb_autopartage":null,"nb_2_rm":null,"nb_covoit":null,"hauteur_max":"180","num_siret":"96950545200017","tarif_pmr":null,"tarif_1h":null,"tarif_2h":null,"tarif_3h":null,"tarif_4h":null,"tarif_24h":null,"abo_resident":85,"abo_non_resident":85,"type_ouvrage":null,"info":null,"info_temps_reel":false,"last_update":"2026-09-01T11:00:44.363+02:00"},"bbox":[4.86248494,45.7675379,4.86248494,45.7675379]},{"type":"Feature","id":"parkings-des-operateurs-de-stationnements-de-la-metropole-de-lyon.fid--61bf6ba1_1a074192531_74fd","geometry":{"type":"Point","coordinates":[4.8630575,45.76168394]},"geometry_name":"the_geom","properties":{"gid":17,"id":"69123-P-028","nom":"Gare Part-Dieu - Flandin","gestionnaire":"LPA&CO","id_gestionnaire":"LPACO-0028","insee":"69123","adresse":"23 Rue Maurice Flandin, 69003, Lyon","url":"https://www.lpa-and-co.fr/","type_usagers":"abonnés","gratuit":false,"nb_places":-1,"nb_pr":null,"nb_pmr":null,"nb_voitures_electriques":null,"nb_velo":null,"nb_2r_el":null,"nb_autopartage":null,"nb_2_rm":null,"nb_covoit":null,"hauteur_max":"190","num_siret":"96950545200017","tarif_pmr":null,"tarif_1h":null,"tarif_2h":3,"tarif_3h":null,"tarif_4h":null,"tarif_24h":24,"abo_resident":110,"abo_non_resident":110,"type_ouvrage":null,"info":null,"info_temps_reel":false,"last_update":"2026-09-01T11:00:44.363+02:00"},"bbox":[4.8630575,45.76168394,4.8630575,45.76168394]},{"type":"Feature","id":"parkings-des-operateurs-de-stationnements-de-la-metropole-de-lyon.fid--61bf6ba1_1a074192531_74fe","geometry":{"type":"Point","coordinates":[4.83689,45.76011004]},"geometry_name":"the_geom","properties":{"gid":168,"id":"69123-P-092","nom":"LPA République","gestionnaire":"LPA","id_gestionnaire":"LPA0731","insee":"69123","adresse":"22 rue Childebert, 69002, Lyon","url":"http://www.lpa.fr/se-garer-dans-un-parking/tous-les-parkings/republique/#informations","type_usagers":"tous","gratuit":false,"nb_places":726,"nb_pr":null,"nb_pmr":10,"nb_voitures_electriques":20,"nb_velo":120,"nb_2r_el":null,"nb_autopartage":3,"nb_2_rm":32,"nb_covoit":null,"hauteur_max":"190","num_siret":"96950545200017","tarif_pmr":null,"tarif_1h":3.4,"tarif_2h":6.8,"tarif_3h":10.2,"tarif_4h":13.6,"tarif_24h":52.8,"abo_resident":133,"abo_non_resident":232,"type_ouvrage":"ouvrage","info":null,"info_temps_reel":true,"last_update":"2026-09-01T11:00:44.402+02:00"},"bbox":[4.83689,45.76011004,4.83689,45.76011004]},{"type":"Feature","id":"parkings-des-operateurs-de-stationnements-de-la-metropole-de-lyon.fid--61bf6ba1_1a074192531_74ff","geometry":{"type":"Point","coordinates":[4.83087,45.75992004]},"geometry_name":"the_geom","properties":{"gid":169,"id":"69123-P-088","nom":"LPA Célestins","gestionnaire":"LPA","id_gestionnaire":"LPA0732","insee":"69123","adresse":"1 rue Gaspard André, 69002, Lyon","url":"http://www.lpa.fr/se-garer-dans-un-parking/tous-les-parkings/celestins/#informations","type_usagers":"tous","gratuit":false,"nb_places":375,"nb_pr":null,"nb_pmr":9,"nb_voitures_electriques":18,"nb_velo":125,"nb_2r_el":null,"nb_autopartage":0,"nb_2_rm":29,"nb_covoit":null,"hauteur_max":"190","num_siret":"96950545200017","tarif_pmr":null,"tarif_1h":3.4,"tarif_2h":6.8,"tarif_3h":10.2,"tarif_4h":13.6,"tarif_24h":52.8,"abo_resident":133,"abo_non_resident":232,"type_ouvrage":"ouvrage","info":null,"info_temps_reel":true,"last_update":"2026-09-01T11:00:44.402+02:00"},"bbox":[4.83087,45.75992004,4.83087,45.75992004]},{"type":"Feature","id":"parkings-des-operateurs-de-stationnements-de-la-metropole-de-lyon.fid--61bf6ba1_1a074192531_7500","geometry":{"type":"Point","coordinates":[4.827721,45.75979804]},"geometry_name":"the_geom","properties":{"gid":174,"id":"69123-P-101","nom":"LPA Saint Georges","gestionnaire":"LPA","id_gestionnaire":"LPA0746","insee":"69123","adresse":"8 quai Fulchiron , 69005, Lyon","url":"http://www.lpa.fr/se-garer-dans-un-parking/tous-les-parkings/st-georges/#informations","type_usagers":"tous","gratuit":false,"nb_places":677,"nb_pr":null,"nb_pmr":14,"nb_voitures_electriques":7,"nb_velo":73,"nb_2r_el":null,"nb_autopartage":4,"nb_2_rm":65,"nb_covoit":null,"hauteur_max":"190","num_siret":"96950545200017","tarif_pmr":null,"tarif_1h":3.4,"tarif_2h":6.8,"tarif_3h":10.2,"tarif_4h":13.6,"tarif_24h":52.8,"abo_resident":133,"abo_non_resident":199,"type_ouvrage":"ouvrage","info":null,"info_temps_reel":true,"last_update":"2026-09-01T11:00:44.409+02:00"},"bbox":[4.827721,45.75979804,4.827721,45.75979804]},{"type":"Feature","id":"parkings-des-operateurs-de-stationnements-de-la-metropole-de-lyon.fid--61bf6ba1_1a074192531_7501","geometry":{"type":"Point","coordinates":[4.8567833,45.75667014]},"geometry_name":"the_geom","properties":{"gid":18,"id":"69123-P-027","nom":"Part-Dieu - Paul Bert","gestionnaire":"LPA&CO","id_gestionnaire":"LPACO-0027","insee":"69123","adresse":"31 Rue de la Rize, 69003, Lyon","url":"https://www.lpa-and-co.fr/","type_usagers":"abonnés","gratuit":false,"nb_places":-1,"nb_pr":null,"nb_pmr":null,"nb_voitures_electriques":null,"nb_velo":null,"nb_2r_el":null,"nb_autopartage":null,"nb_2_rm":null,"nb_covoit":null,"hauteur_max":"185","num_siret":"96950545200017","tarif_pmr":null,"tarif_1h":null,"tarif_2h":null,"tarif_3h":null,"tarif_4h":null,"tarif_24h":null,"abo_resident":113,"abo_non_resident":113,"type_ouvrage":null,"info":null,"info_temps_reel":false,"last_update":"2026-09-01T11:00:44.363+02:00"},"bbox":[4.8567833,45.75667014,4.8567833,45.75667014]},{"type":"Feature","id":"parkings-des-operateurs-de-stationnements-de-la-metropole-de-lyon.fid--61bf6ba1_1a074192531_7502","geometry":{"type":"Point","coordinates":[4.85749879,45.75391427]},"geometry_name":"the_geom","properties":{"gid":19,"id":"69123-P-030","nom":"Part-Dieu - Félix Faure","gestionnaire":"LPA&CO","id_gestionnaire":"LPACO-0030","insee":"69123","adresse":"29 Rue Danton, 69003, Lyon","url":"https://www.lpa-and-co.fr/","type_usagers":"abonnés","gratuit":false,"nb_places":-1,"nb_pr":null,"nb_pmr":null,"nb_voitures_electriques":null,"nb_velo":null,"nb_2r_el":null,"nb_autopartage":null,"nb_2_rm":null,"nb_covoit":null,"hauteur_max":"190","num_siret":"96950545200017","tarif_pmr":null,"tarif_1h":null,"tarif_2h":3,"tarif_3h":null,"tarif_4h":null,"tarif_24h":24,"abo_resident":8,"abo_non_resident":8,"type_ouvrage":null,"info":null,"info_temps_reel":false,"last_update":"2026-09-01T11:00:44.363+02:00"},"bbox":[4.85749879,45.75391427,4.85749879,45.75391427]},{"type":"Feature","id":"parkings-des-operateurs-de-stationnements-de-la-metropole-de-lyon.fid--61bf6ba1_1a074192531_7503","geometry":{"type":"Point","coordinates":[4.85235135,45.74830561]},"geometry_name":"the_geom","properties":{"gid":20,"id":"69123-P-006","nom":"Garibaldi - Blandan","gestionnaire":"LPA&CO","id_gestionnaire":"LPACO-0006","insee":"69123","adresse":"32 Rue du Béguin, 69007, Lyon","url":"https://www.lpa-and-co.fr/","type_usagers":"abonnés","gratuit":false,"nb_places":-1,"nb_pr":null,"nb_pmr":null,"nb_voitures_electriques":null,"nb_velo":null,"nb_2r_el":null,"nb_autopartage":null,"nb_2_rm":null,"nb_covoit":null,"hauteur_max":"180","num_siret":"96950545200017","tarif_pmr":null,"tarif_1h":null,"tarif_2h":null,"tarif_3h":null,"tarif_4h":null,"tarif_24h":null,"abo_resident":85,"abo_non_resident":85,"type_ouvrage":null,"info":null,"info_temps_reel":false,"last_update":"2026-09-01T11:00:44.363+02:00"},"bbox":[4.85235135,45.74830561,4.85235135,45.74830561]},{"type":"Feature","id":"parkings-des-operateurs-de-stationnements-de-la-metropole-de-lyon.fid--61bf6ba1_1a074192531_7504","geometry":{"type":"Point","coordinates":[4.86488288,45.75051559]},"geometry_name":"the_geom","properties":{"gid":21,"id":"69123-P-043","nom":"Université Lyon 3 - Dauphiné","gestionnaire":"LPA&CO","id_gestionnaire":"LPACO-0043","insee":"69123","adresse":"15 Rue du Dauphiné, 69003, Lyon","url":"https://www.lpa-and-co.fr/","type_usagers":"abonnés","gratuit":false,"nb_places":-1,"nb_pr":null,"nb_pmr":null,"nb_voitures_electriques":null,"nb_velo":null,"nb_2r_el":null,"nb_autopartage":null,"nb_2_rm":null,"nb_covoit":null,"hauteur_max":"190","num_siret":"96950545200017","tarif_pmr":null,"tarif_1h":null,"tarif_2h":2,"tarif_3h":null,"tarif_4h":null,"tarif_24h":15,"abo_resident":70,"abo_non_resident":70,"type_ouvrage":null,"info":null,"info_temps_reel":false,"last_update":"2026-09-01T11:00:44.363+02:00"},"bbox":[4.86488288,45.75051559,4.86488288,45.75051559]},{"type":"Feature","id":"parkings-des-operateurs-de-stationnements-de-la-metropole-de-lyon.fid--61bf6ba1_1a074192531_7505","geometry":{"type":"Point","coordinates":[4.8295654,45.73822944]},"geometry_name":"the_geom","properties":{"gid":32,"id":"69123-P-024","nom":"Jean Jaurès - 92 Yves Farge","gestionnaire":"LPA&CO","id_gestionnaire":"LPACO-0024","insee":"69123","adresse":"92 Boulevard Yves Farge, 69007, Lyon","url":"https://www.lpa-and-co.fr/","type_usagers":"abonnés","gratuit":false,"nb_places":-1,"nb_pr":null,"nb_pmr":null,"nb_voitures_electriques":null,"nb_velo":null,"nb_2r_el":null,"nb_autopartage":null,"nb_2_rm":null,"nb_covoit":null,"hauteur_max":"190","num_siret":"96950545200017","tarif_pmr":null,"tarif_1h":null,"tarif_2h":null,"tarif_3h":null,"tarif_4h":null,"tarif_24h":null,"abo_resident":90,"abo_non_resident":90,"type_ouvrage":null,"info":null,"info_temps_reel":false,"last_update":"2026-09-01T11:00:44.363+02:00"},"bbox":[4.8295654,45.73822944,4.8295654,45.73822944]},{"type":"Feature","id":"parkings-des-operateurs-de-stationnements-de-la-metropole-de-lyon.fid--61bf6ba1_1a074192531_7506","geometry":{"type":"Point","coordinates":[4.8292579,45.73794074]},"geometry_name":"the_geom","properties":{"gid":33,"id":"69123-P-022","nom":"Jean Jaurès - 100  Yves Farge","gestionnaire":"LPA&CO","id_gestionnaire":"LPACO-0022","insee":"69123","adresse":"100 Boulevard Yves Farge, 69007, Lyon","url":"https://www.lpa-and-co.fr/","type_usagers":"abonnés","gratuit":false,"nb_places":-1,"nb_pr":null,"nb_pmr":null,"nb_voitures_electriques":null,"nb_velo":null,"nb_2r_el":null,"nb_autopartage":null,"nb_2_rm":null,"nb_covoit":null,"hauteur_max":"190","num_siret":"96950545200017","tarif_pmr":null,"tarif_1h":null,"tarif_2h":null,"tarif_3h":null,"tarif_4h":null,"tarif_24h":null,"abo_resident":70,"abo_non_resident":70,"type_ouvrage":null,"info":null,"info_temps_reel":false,"last_update":"2026-09-01T11:00:44.363+02:00"},"bbox":[4.8292579,45.73794074,4.8292579,45.73794074]},{"type":"Feature","id":"parkings-des-operateurs-de-stationnements-de-la-metropole-de-lyon.fid--61bf6ba1_1a074192531_7507","geometry":{"type":"Point","coordinates":[4.83819834,45.74365243]},"geometry_name":"the_geom","properties":{"gid":34,"id":"69123-P-038","nom":"Jean Macé - Bons Enfants","gestionnaire":"LPA&CO","id_gestionnaire":"LPACO-0038","insee":"69123","adresse":"4 Rue des Bons Enfants, 69007, Lyon","url":"https://www.lpa-and-co.fr/","type_usagers":"abonnés","gratuit":false,"nb_places":-1,"nb_pr":null,"nb_pmr":null,"nb_voitures_electriques":null,"nb_velo":null,"nb_2r_el":null,"nb_autopartage":null,"nb_2_rm":null,"nb_covoit":null,"hauteur_max":"180","num_siret":"96950545200017","tarif_pmr":null,"tarif_1h":null,"tarif_2h":null,"tarif_3h":null,"tarif_4h":null,"tarif_24h":null,"abo_resident":70,"abo_non_resident":70,"type_ouvrage":null,"info":null,"info_temps_reel":false,"last_update":"2026-09-01T11:00:44.363+02:00"},"bbox":[4.83819834,45.74365243,4.83819834,45.74365243]},{"type":"Feature","id":"parkings-des-operateurs-de-stationnements-de-la-metropole-de-lyon.fid--61bf6ba1_1a074192531_7508","geometry":{"type":"Point","coordinates":[4.833557,45.77470004]},"geometry_name":"the_geom","properties":{"gid":180,"id":"69123-P-100","nom":"LPA Gros Caillou","gestionnaire":"LPA","id_gestionnaire":"LPA0755","insee":"69123","adresse":"1 rue Aimé Boussange, 69004, Lyon","url":"http://www.lpa.fr/se-garer-dans-un-parking/tous-les-parkings/gros-caillou/#informations","type_usagers":"tous","gratuit":false,"nb_places":449,"nb_pr":null,"nb_pmr":14,"nb_voitures_electriques":20,"nb_velo":39,"nb_2r_el":null,"nb_autopartage":6,"nb_2_rm":43,"nb_covoit":null,"hauteur_max":"190","num_siret":"96950545200017","tarif_pmr":null,"tarif_1h":3.2,"tarif_2h":6.4,"tarif_3h":9.600000000000001,"tarif_4h":12.8,"tarif_24h":46.6,"abo_resident":125,"abo_non_resident":174,"type_ouvrage":"ouvrage","info":null,"info_temps_reel":true,"last_update":"2026-09-01T11:00:44.409+02:00"},"bbox":[4.833557,45.77470004,4.833557,45.77470004]},{"type":"Feature","id":"parkings-des-operateurs-de-stationnements-de-la-metropole-de-lyon.fid--61bf6ba1_1a074192531_7509","geometry":{"type":"Point","coordinates":[4.8228584,45.74664184]},"geometry_name":"the_geom","properties":{"gid":36,"id":"69123-P-013","nom":"Perrache - Seguin","gestionnaire":"LPA&CO","id_gestionnaire":"LPACO-0013","insee":"69123","adresse":"23 Rue Gilibert, 69002, Lyon","url":"https://www.lpa-and-co.fr/","type_usagers":"abonnés","gratuit":false,"nb_places":-1,"nb_pr":null,"nb_pmr":null,"nb_voitures_electriques":null,"nb_velo":null,"nb_2r_el":null,"nb_autopartage":null,"nb_2_rm":null,"nb_covoit":null,"hauteur_max":"190","num_siret":"96950545200017","tarif_pmr":null,"tarif_1h":null,"tarif_2h":null,"tarif_3h":null,"tarif_4h":null,"tarif_24h":null,"abo_resident":115,"abo_non_resident":115,"type_ouvrage":null,"info":null,"info_temps_reel":false,"last_update":"2026-09-01T11:00:44.364+02:00"},"bbox":[4.8228584,45.74664184,4.8228584,45.74664184]},{"type":"Feature","id":"parkings-des-operateurs-de-stationnements-de-la-metropole-de-lyon.fid--61bf6ba1_1a074192531_750a","geometry":{"type":"Point","coordinates":[4.81134436,45.77582652]},"geometry_name":"the_geom","properties":{"gid":37,"id":"69123-P-041","nom":"Quai Joseph Gillet - Rue des Entrepôts","gestionnaire":"LPA&CO","id_gestionnaire":"LPACO-0041","insee":"69123","adresse":"7 Rue des Entrepôts, 69004, Lyon","url":"https://www.lpa-and-co.fr/","type_usagers":"abonnés","gratuit":false,"nb_places":-1,"nb_pr":null,"nb_pmr":null,"nb_voitures_electriques":null,"nb_velo":null,"nb_2r_el":null,"nb_autopartage":null,"nb_2_rm":null,"nb_covoit":null,"hauteur_max":"180","num_siret":"96950545200017","tarif_pmr":null,"tarif_1h":null,"tarif_2h":null,"tarif_3h":null,"tarif_4h":null,"tarif_24h":null,"abo_resident":95,"abo_non_resident":95,"type_ouvrage":null,"info":null,"info_temps_reel":false,"last_update":"2026-09-01T11:00:44.364+02:00"},"bbox":[4.81134436,45.77582652,4.81134436,45.77582652]},{"type":"Feature","id":"parkings-des-operateurs-de-stationnements-de-la-metropole-de-lyon.fid--61bf6ba1_1a074192531_750b","geometry":{"type":"Point","coordinates":[4.8249063,45.77550201]},"geometry_name":"the_geom","properties":{"gid":38,"id":"69123-P-039","nom":"Croix Rousse - Denfert Rochereau","gestionnaire":"LPA&CO","id_gestionnaire":"LPACO-0039","insee":"69123","adresse":"28 Rue Denfert Rochereau, 69004, Lyon","url":"https://www.lpa-and-co.fr/","type_usagers":"abonnés","gratuit":false,"nb_places":-1,"nb_pr":null,"nb_pmr":null,"nb_voitures_electriques":null,"nb_velo":null,"nb_2r_el":null,"nb_autopartage":null,"nb_2_rm":null,"nb_covoit":null,"hauteur_max":"190","num_siret":"96950545200017","tarif_pmr":null,"tarif_1h":null,"tarif_2h":3,"tarif_3h":null,"tarif_4h":null,"tarif_24h":24,"abo_resident":8,"abo_non_resident":8,"type_ouvrage":null,"info":null,"info_temps_reel":false,"last_update":"2026-09-01T11:00:44.364+02:00"},"bbox":[4.8249063,45.77550201,4.8249063,45.77550201]},{"type":"Feature","id":"parkings-des-operateurs-de-stationnements-de-la-metropole-de-lyon.fid--61bf6ba1_1a074192531_750c","geometry":{"type":"Point","coordinates":[4.8295453,45.77825574]},"geometry_name":"the_geom","properties":{"gid":39,"id":"69123-P-040","nom":"Croix Rousse - rue de Cuire","gestionnaire":"LPA&CO","id_gestionnaire":"LPACO-0040","insee":"69123","adresse":"39 Rue de Cuire, 69004, Lyon","url":"https://www.lpa-and-co.fr/","type_usagers":"abonnés","gratuit":false,"nb_places":-1,"nb_pr":null,"nb_pmr":null,"nb_voitures_electriques":null,"nb_velo":null,"nb_2r_el":null,"nb_autopartage":null,"nb_2_rm":null,"nb_covoit":null,"hauteur_max":"190","num_siret":"96950545200017","tarif_pmr":null,"tarif_1h":null,"tarif_2h":3,"tarif_3h":null,"tarif_4h":null,"tarif_24h":24,"abo_resident":130,"abo_non_resident":130,"type_ouvrage":null,"info":null,"info_temps_reel":false,"last_update":"2026-09-01T11:00:44.364+02:00"},"bbox":[4.8295453,45.77825574,4.8295453,45.77825574]},{"type":"Feature","id":"parkings-des-operateurs-de-stationnements-de-la-metropole-de-lyon.fid--61bf6ba1_1a074192531_750d","geometry":{"type":"Point","coordinates":[4.841533,45.76774104]},"geometry_name":"the_geom","properties":{"gid":181,"id":"69123-P-104","nom":"LPA Morand","gestionnaire":"LPA","id_gestionnaire":"LPA0756","insee":"69123","adresse":"19 place Maréchal Lyautey, 69006, Lyon","url":"http://www.lpa.fr/se-garer-dans-un-parking/tous-les-parkings/morand/#informations","type_usagers":"tous","gratuit":false,"nb_places":696,"nb_pr":null,"nb_pmr":12,"nb_voitures_electriques":20,"nb_velo":111,"nb_2r_el":null,"nb_autopartage":3,"nb_2_rm":70,"nb_covoit":null,"hauteur_max":"190","num_siret":"96950545200017","tarif_pmr":null,"tarif_1h":3.4,"tarif_2h":6.8,"tarif_3h":10.2,"tarif_4h":13.6,"tarif_24h":52.8,"abo_resident":133,"abo_non_resident":232,"type_ouvrage":"ouvrage","info":null,"info_temps_reel":true,"last_update":"2026-09-01T11:00:44.409+02:00"},"bbox":[4.841533,45.76774104,4.841533,45.76774104]},{"type":"Feature","id":"parkings-des-operateurs-de-stationnements-de-la-metropole-de-lyon.fid--61bf6ba1_1a074192531_750e","geometry":{"type":"Point","coordinates":[4.823733,45.74105404]},"geometry_name":"the_geom","properties":{"gid":187,"id":"69123-P-091","nom":"LPA Marché Gare - La Confluence","gestionnaire":"LPA","id_gestionnaire":"LPA0768","insee":"69123","adresse":"41 quai Perrache, 69002, Lyon","url":"http://www.lpa.fr/se-garer-dans-un-parking/tous-les-parkings/marche-gare-confluence/ ","type_usagers":"tous","gratuit":false,"nb_places":843,"nb_pr":null,"nb_pmr":17,"nb_voitures_electriques":20,"nb_velo":39,"nb_2r_el":null,"nb_autopartage":0,"nb_2_rm":7,"nb_covoit":null,"hauteur_max":"230","num_siret":"96950545200017","tarif_pmr":null,"tarif_1h":3.2,"tarif_2h":6.4,"tarif_3h":9.600000000000001,"tarif_4h":12.8,"tarif_24h":46.6,"abo_resident":136,"abo_non_resident":207,"type_ouvrage":"ouvrage","info":null,"info_temps_reel":true,"last_update":"2026-09-01T11:00:44.409+02:00"},"bbox":[4.823733,45.74105404,4.823733,45.74105404]},{"type":"Feature","id":"parkings-des-operateurs-de-stationnements-de-la-metropole-de-lyon.fid--61bf6ba1_1a074192531_750f","geometry":{"type":"Point","coordinates":[4.83146958,45.80248624]},"geometry_name":"the_geom","properties":{"gid":40,"id":"69123-P-042","nom":"Simondan","gestionnaire":"LPA&CO","id_gestionnaire":"LPACO-0042","insee":"69123","adresse":"23 Rue Sylvain Simondan, 69009, Lyon","url":"https://www.lpa-and-co.fr/","type_usagers":"abonnés","gratuit":false,"nb_places":-1,"nb_pr":null,"nb_pmr":null,"nb_voitures_electriques":null,"nb_velo":null,"nb_2r_el":null,"nb_autopartage":null,"nb_2_rm":null,"nb_covoit":null,"hauteur_max":"190","num_siret":"96950545200017","tarif_pmr":null,"tarif_1h":null,"tarif_2h":null,"tarif_3h":null,"tarif_4h":null,"tarif_24h":null,"abo_resident":55,"abo_non_resident":55,"type_ouvrage":null,"info":null,"info_temps_reel":false,"last_update":"2026-09-01T11:00:44.364+02:00"},"bbox":[4.83146958,45.80248624,4.83146958,45.80248624]},{"type":"Feature","id":"parkings-des-operateurs-de-stationnements-de-la-metropole-de-lyon.fid--61bf6ba1_1a074192531_7510","geometry":{"type":"Point","coordinates":[4.78906548,45.76400414]},"geometry_name":"the_geom","properties":{"gid":41,"id":"69123-P-014","nom":"Champvert - Barthélémy Buyer","gestionnaire":"LPA&CO","id_gestionnaire":"LPACO-0014","insee":"69123","adresse":"215 Avenue Barthélémy Buyer, 69005, Lyon","url":"https://www.lpa-and-co.fr/","type_usagers":"abonnés","gratuit":false,"nb_places":-1,"nb_pr":null,"nb_pmr":null,"nb_voitures_electriques":null,"nb_velo":null,"nb_2r_el":null,"nb_autopartage":null,"nb_2_rm":null,"nb_covoit":null,"hauteur_max":"190","num_siret":"96950545200017","tarif_pmr":null,"tarif_1h":null,"tarif_2h":null,"tarif_3h":null,"tarif_4h":null,"tarif_24h":null,"abo_resident":50,"abo_non_resident":50,"type_ouvrage":null,"info":null,"info_temps_reel":false,"last_update":"2026-09-01T11:00:44.364+02:00"},"bbox":[4.78906548,45.76400414,4.78906548,45.76400414]},{"type":"Feature","id":"parkings-des-operateurs-de-stationnements-de-la-metropole-de-lyon.fid--61bf6ba1_1a074192531_7511","geometry":{"type":"Point","coordinates":[4.8294028,45.81832684]},"geometry_name":"the_geom","properties":{"gid":235,"id":"69191-P-001","nom":"Saint-Cyr-au-Mont-d'Or - Route de Saint-Romain","gestionnaire":"LPA&CO","id_gestionnaire":"LPACO-01209","insee":"69191","adresse":"1 Chem. de Braizieux, 69450, Saint-Cyr-au-Mont-d'Or","url":"https://www.lpa-and-co.fr/","type_usagers":"abonnés","gratuit":false,"nb_places":-1,"nb_pr":null,"nb_pmr":null,"nb_voitures_electriques":null,"nb_velo":null,"nb_2r_el":null,"nb_autopartage":null,"nb_2_rm":null,"nb_covoit":null,"hauteur_max":"200","num_siret":null,"tarif_pmr":null,"tarif_1h":null,"tarif_2h":null,"tarif_3h":null,"tarif_4h":null,"tarif_24h":null,"abo_resident":87,"abo_non_resident":87,"type_ouvrage":null,"info":null,"info_temps_reel":false,"last_update":"2026-09-01T11:00:44.383+02:00"},"bbox":[4.8294028,45.81832684,4.8294028,45.81832684]},{"type":"Feature","id":"parkings-des-operateurs-de-stationnements-de-la-metropole-de-lyon.fid--61bf6ba1_1a074192531_7512","geometry":{"type":"Point","coordinates":[4.7999207,45.76131414]},"geometry_name":"the_geom","properties":{"gid":42,"id":"69123-P-037","nom":"Champvert - Janin","gestionnaire":"LPA&CO","id_gestionnaire":"LPACO-0037","insee":"69123","adresse":"24 Rue Sœur Janin, 69005, Lyon","url":"https://www.lpa-and-co.fr/","type_usagers":"abonnés","gratuit":false,"nb_places":-1,"nb_pr":null,"nb_pmr":null,"nb_voitures_electriques":null,"nb_velo":null,"nb_2r_el":null,"nb_autopartage":null,"nb_2_rm":null,"nb_covoit":null,"hauteur_max":"180","num_siret":"96950545200017","tarif_pmr":null,"tarif_1h":null,"tarif_2h":null,"tarif_3h":null,"tarif_4h":null,"tarif_24h":null,"abo_resident":62,"abo_non_resident":62,"type_ouvrage":null,"info":null,"info_temps_reel":false,"last_update":"2026-09-01T11:00:44.364+02:00"},"bbox":[4.7999207,45.76131414,4.7999207,45.76131414]},{"type":"Feature","id":"parkings-des-operateurs-de-stationnements-de-la-metropole-de-lyon.fid--61bf6ba1_1a074192531_7513","geometry":{"type":"Point","coordinates":[4.82701594,45.73271094]},"geometry_name":"the_geom","properties":{"gid":44,"id":"69123-P-015","nom":"Halle Tony Garnier - Varille","gestionnaire":"LPA&CO","id_gestionnaire":"LPACO-0015","insee":"69123","adresse":"4 Rue Mathieu Varille, 69007, Lyon","url":"https://www.lpa-and-co.fr/","type_usagers":"abonnés","gratuit":false,"nb_places":-1,"nb_pr":null,"nb_pmr":null,"nb_voitures_electriques":null,"nb_velo":null,"nb_2r_el":null,"nb_autopartage":null,"nb_2_rm":null,"nb_covoit":null,"hauteur_max":"190","num_siret":"96950545200017","tarif_pmr":null,"tarif_1h":null,"tarif_2h":null,"tarif_3h":null,"tarif_4h":null,"tarif_24h":null,"abo_resident":70,"abo_non_resident":70,"type_ouvrage":null,"info":null,"info_temps_reel":false,"last_update":"2026-09-01T11:00:44.364+02:00"},"bbox":[4.82701594,45.73271094,4.82701594,45.73271094]},{"type":"Feature","id":"parkings-des-operateurs-de-stationnements-de-la-metropole-de-lyon.fid--61bf6ba1_1a074192531_7514","geometry":{"type":"Point","coordinates":[4.8381886,45.74395974]},"geometry_name":"the_geom","properties":{"gid":254,"id":"69123-P-074","nom":"Jean Macé - Rue Victor Lagrange","gestionnaire":"LPA&CO","id_gestionnaire":"LPACO-0113","insee":"69123","adresse":"2 Rue des Bons Enfants, 69007, Lyon","url":"https://www.lpa-and-co.fr/","type_usagers":"abonnés","gratuit":false,"nb_places":-1,"nb_pr":null,"nb_pmr":null,"nb_voitures_electriques":null,"nb_velo":null,"nb_2r_el":null,"nb_autopartage":null,"nb_2_rm":null,"nb_covoit":null,"hauteur_max":"200","num_siret":null,"tarif_pmr":null,"tarif_1h":null,"tarif_2h":null,"tarif_3h":null,"tarif_4h":null,"tarif_24h":null,"abo_resident":90,"abo_non_resident":90,"type_ouvrage":null,"info":null,"info_temps_reel":false,"last_update":"2026-09-01T11:00:44.365+02:00"},"bbox":[4.8381886,45.74395974,4.8381886,45.74395974]},{"type":"Feature","id":"parkings-des-operateurs-de-stationnements-de-la-metropole-de-lyon.fid--61bf6ba1_1a074192531_7515","geometry":{"type":"Point","coordinates":[4.79592048,45.77580322]},"geometry_name":"the_geom","properties":{"gid":117,"id":"69123-P-078","nom":"Vaise - 95 rue Marietton","gestionnaire":"LPA&CO","id_gestionnaire":"LPACO-0117","insee":"69123","adresse":"95 Rue Marietton, 69009, Lyon","url":"https://www.lpa-and-co.fr/","type_usagers":"abonnés","gratuit":false,"nb_places":-1,"nb_pr":null,"nb_pmr":null,"nb_voitures_electriques":null,"nb_velo":null,"nb_2r_el":null,"nb_autopartage":null,"nb_2_rm":null,"nb_covoit":null,"hauteur_max":"185","num_siret":"96950545200017","tarif_pmr":null,"tarif_1h":null,"tarif_2h":null,"tarif_3h":null,"tarif_4h":null,"tarif_24h":null,"abo_resident":90,"abo_non_resident":90,"type_ouvrage":null,"info":null,"info_temps_reel":false,"last_update":"2026-09-01T11:00:44.365+02:00"},"bbox":[4.79592048,45.77580322,4.79592048,45.77580322]},{"type":"Feature","id":"parkings-des-operateurs-de-stationnements-de-la-metropole-de-lyon.fid--61bf6ba1_1a074192531_7516","geometry":{"type":"Point","coordinates":[4.7695344,45.58669814]},"geometry_name":"the_geom","properties":{"gid":147,"id":"69091-P-001","nom":"Givors - rue Robespierre","gestionnaire":"LPA&CO","id_gestionnaire":"LPACO-0168","insee":"69091","adresse":"5 Rue des Gagnoles, 69700, Givors","url":"https://www.lpa-and-co.fr/","type_usagers":"abonnés","gratuit":false,"nb_places":-1,"nb_pr":null,"nb_pmr":null,"nb_voitures_electriques":null,"nb_velo":null,"nb_2r_el":null,"nb_autopartage":null,"nb_2_rm":null,"nb_covoit":null,"hauteur_max":"250","num_siret":"96950545200017","tarif_pmr":null,"tarif_1h":null,"tarif_2h":null,"tarif_3h":null,"tarif_4h":null,"tarif_24h":null,"abo_resident":25,"abo_non_resident":25,"type_ouvrage":null,"info":null,"info_temps_reel":false,"last_update":"2026-09-01T11:00:44.370+02:00"},"bbox":[4.7695344,45.58669814,4.7695344,45.58669814]},{"type":"Feature","id":"parkings-des-operateurs-de-stationnements-de-la-metropole-de-lyon.fid--61bf6ba1_1a074192531_7517","geometry":{"type":"Point","coordinates":[4.720431,45.74647544]},"geometry_name":"the_geom","properties":{"gid":148,"id":"69069-P-002","nom":"Craponne - Grand Champ","gestionnaire":"LPA&CO","id_gestionnaire":"LPACO-0169","insee":"69069","adresse":"88 Imp. du Grand Champ, 69290, Craponne","url":"https://www.lpa-and-co.fr/","type_usagers":"abonnés","gratuit":false,"nb_places":-1,"nb_pr":null,"nb_pmr":null,"nb_voitures_electriques":null,"nb_velo":null,"nb_2r_el":null,"nb_autopartage":null,"nb_2_rm":null,"nb_covoit":null,"hauteur_max":"190","num_siret":"96950545200017","tarif_pmr":null,"tarif_1h":null,"tarif_2h":null,"tarif_3h":null,"tarif_4h":null,"tarif_24h":null,"abo_resident":50,"abo_non_resident":50,"type_ouvrage":null,"info":null,"info_temps_reel":false,"last_update":"2026-09-01T11:00:44.370+02:00"},"bbox":[4.720431,45.74647544,4.720431,45.74647544]},{"type":"Feature","id":"parkings-des-operateurs-de-stationnements-de-la-metropole-de-lyon.fid--61bf6ba1_1a074192531_7518","geometry":{"type":"Point","coordinates":[4.7967524,45.82365054]},"geometry_name":"the_geom","properties":{"gid":234,"id":"69194-P-002","nom":"Saint-Didier-Au-Mont-D'or - Saint Fortuna","gestionnaire":"LPA&CO","id_gestionnaire":"LPACO-01208","insee":"69194","adresse":"74 Rue Victor Hugo, 69370, Saint-Didier-au-Mont-d'Or","url":"https://www.lpa-and-co.fr/","type_usagers":"abonnés","gratuit":false,"nb_places":-1,"nb_pr":null,"nb_pmr":null,"nb_voitures_electriques":null,"nb_velo":null,"nb_2r_el":null,"nb_autopartage":null,"nb_2_rm":null,"nb_covoit":null,"hauteur_max":"190","num_siret":null,"tarif_pmr":null,"tarif_1h":null,"tarif_2h":null,"tarif_3h":null,"tarif_4h":null,"tarif_24h":null,"abo_resident":53,"abo_non_resident":53,"type_ouvrage":null,"info":null,"info_temps_reel":false,"last_update":"2026-09-01T11:00:44.382+02:00"},"bbox":[4.7967524,45.82365054,4.7967524,45.82365054]},{"type":"Feature","id":"parkings-des-operateurs-de-stationnements-de-la-metropole-de-lyon.fid--61bf6ba1_1a074192531_7519","geometry":{"type":"Point","coordinates":[4.823836,45.73169904]},"geometry_name":"the_geom","properties":{"gid":198,"id":"69123-P-140","nom":"LPA Musée des Confluences-Gerland","gestionnaire":"LPA","id_gestionnaire":"LPA0777","insee":"69123","adresse":"rue Antonin Perrin, 69007, Lyon","url":"https://parking.lpa.fr/parkings/musee-des-confluences-gerland/#informations","type_usagers":"tous","gratuit":false,"nb_places":150,"nb_pr":null,"nb_pmr":4,"nb_voitures_electriques":0,"nb_velo":0,"nb_2r_el":null,"nb_autopartage":0,"nb_2_rm":8,"nb_covoit":null,"hauteur_max":"195","num_siret":"96950545200017","tarif_pmr":null,"tarif_1h":3.4,"tarif_2h":6.8,"tarif_3h":10.2,"tarif_4h":13.6,"tarif_24h":49.4,"abo_resident":232,"abo_non_resident":232,"type_ouvrage":"ouvrage","info":null,"info_temps_reel":true,"last_update":"2026-09-01T11:00:44.409+02:00"},"bbox":[4.823836,45.73169904,4.823836,45.73169904]},{"type":"Feature","id":"parkings-des-operateurs-de-stationnements-de-la-metropole-de-lyon.fid--61bf6ba1_1a074192531_751a","geometry":{"type":"Point","coordinates":[4.8501,45.78410004]},"geometry_name":"the_geom","properties":{"gid":175,"id":"69123-P-106","nom":"LPA Cité Internationale P0","gestionnaire":"LPA","id_gestionnaire":"LPA0749","insee":"69123","adresse":"94 quai Charles de Gaulle, 69006, Lyon","url":"http://www.lpa.fr/se-garer-dans-un-parking/tous-les-parkings/cite-internationale-p0/#informations","type_usagers":"tous","gratuit":false,"nb_places":954,"nb_pr":null,"nb_pmr":20,"nb_voitures_electriques":0,"nb_velo":20,"nb_2r_el":null,"nb_autopartage":0,"nb_2_rm":20,"nb_covoit":null,"hauteur_max":"190","num_siret":"96950545200017","tarif_pmr":null,"tarif_1h":3.2,"tarif_2h":6.4,"tarif_3h":9.600000000000001,"tarif_4h":12.8,"tarif_24h":40,"abo_resident":203,"abo_non_resident":203,"type_ouvrage":"ouvrage","info":null,"info_temps_reel":true,"last_update":"2026-09-01T11:00:44.409+02:00"},"bbox":[4.8501,45.78410004,4.8501,45.78410004]},{"type":"Feature","id":"parkings-des-operateurs-de-stationnements-de-la-metropole-de-lyon.fid--61bf6ba1_1a074192531_751b","geometry":{"type":"Point","coordinates":[4.8882244,45.71838794]},"geometry_name":"the_geom","properties":{"gid":129,"id":"69259-P-009","nom":"Parilly - avenue Jules Guesde","gestionnaire":"LPA&CO","id_gestionnaire":"LPACO-0138","insee":"69259","adresse":"11 Avenue Jules Guesde, 69200, Vénissieux","url":"https://www.lpa-and-co.fr/","type_usagers":"abonnés","gratuit":false,"nb_places":-1,"nb_pr":null,"nb_pmr":null,"nb_voitures_electriques":null,"nb_velo":null,"nb_2r_el":null,"nb_autopartage":null,"nb_2_rm":null,"nb_covoit":null,"hauteur_max":"200","num_siret":"96950545200017","tarif_pmr":null,"tarif_1h":null,"tarif_2h":null,"tarif_3h":null,"tarif_4h":null,"tarif_24h":null,"abo_resident":48,"abo_non_resident":48,"type_ouvrage":null,"info":null,"info_temps_reel":false,"last_update":"2026-09-01T11:00:44.365+02:00"},"bbox":[4.8882244,45.71838794,4.8882244,45.71838794]},{"type":"Feature","id":"parkings-des-operateurs-de-stationnements-de-la-metropole-de-lyon.fid--61bf6ba1_1a074192531_751c","geometry":{"type":"Point","coordinates":[4.856708,45.78585304]},"geometry_name":"the_geom","properties":{"gid":182,"id":"69123-P-107","nom":"LPA Cité Internationale P2","gestionnaire":"LPA","id_gestionnaire":"LPA0758","insee":"69123","adresse":"22 quai Charles de Gaulle, 69006, Lyon","url":"http://www.lpa.fr/se-garer-dans-un-parking/tous-les-parkings/cite-internationale-p2/#informations","type_usagers":"tous","gratuit":false,"nb_places":1166,"nb_pr":null,"nb_pmr":24,"nb_voitures_electriques":0,"nb_velo":0,"nb_2r_el":null,"nb_autopartage":0,"nb_2_rm":7,"nb_covoit":null,"hauteur_max":"270","num_siret":"96950545200017","tarif_pmr":null,"tarif_1h":3.2,"tarif_2h":6.4,"tarif_3h":9.600000000000001,"tarif_4h":12.8,"tarif_24h":46.6,"abo_resident":156,"abo_non_resident":156,"type_ouvrage":"ouvrage","info":null,"info_temps_reel":true,"last_update":"2026-09-01T11:00:44.409+02:00"},"bbox":[4.856708,45.78585304,4.856708,45.78585304]},{"type":"Feature","id":"parkings-des-operateurs-de-stationnements-de-la-metropole-de-lyon.fid--61bf6ba1_1a074192531_751d","geometry":{"type":"Point","coordinates":[4.82874828,45.72880065]},"geometry_name":"the_geom","properties":{"gid":146,"id":"69123-P-129","nom":"Lyon 7 - rue du Vercors","gestionnaire":"LPA&CO","id_gestionnaire":"LPACO-0167","insee":"69123","adresse":"31 Rue du Vercors, 69007, Lyon","url":"https://www.lpa-and-co.fr/","type_usagers":"abonnés","gratuit":false,"nb_places":-1,"nb_pr":null,"nb_pmr":null,"nb_voitures_electriques":null,"nb_velo":null,"nb_2r_el":null,"nb_autopartage":null,"nb_2_rm":null,"nb_covoit":null,"hauteur_max":"195","num_siret":"96950545200017","tarif_pmr":null,"tarif_1h":null,"tarif_2h":null,"tarif_3h":null,"tarif_4h":null,"tarif_24h":null,"abo_resident":60,"abo_non_resident":60,"type_ouvrage":null,"info":null,"info_temps_reel":false,"last_update":"2026-09-01T11:00:44.370+02:00"},"bbox":[4.82874828,45.72880065,4.82874828,45.72880065]},{"type":"Feature","id":"parkings-des-operateurs-de-stationnements-de-la-metropole-de-lyon.fid--61bf6ba1_1a074192531_751e","geometry":{"type":"Point","coordinates":[4.83654,45.76308004]},"geometry_name":"the_geom","properties":{"gid":183,"id":"69123-P-090","nom":"LPA Grolée","gestionnaire":"LPA","id_gestionnaire":"LPA0759","insee":"69123","adresse":"4 rue Grolée, 69002, Lyon","url":"http://www.lpa.fr/se-garer-dans-un-parking/tous-les-parkings/grolee/#informations","type_usagers":"tous","gratuit":false,"nb_places":225,"nb_pr":null,"nb_pmr":8,"nb_voitures_electriques":0,"nb_velo":0,"nb_2r_el":null,"nb_autopartage":0,"nb_2_rm":45,"nb_covoit":null,"hauteur_max":"190","num_siret":"96950545200017","tarif_pmr":null,"tarif_1h":3.4,"tarif_2h":6.8,"tarif_3h":10.2,"tarif_4h":13.6,"tarif_24h":52.8,"abo_resident":232,"abo_non_resident":232,"type_ouvrage":"ouvrage","info":null,"info_temps_reel":true,"last_update":"2026-09-01T11:00:44.409+02:00"},"bbox":[4.83654,45.76308004,4.83654,45.76308004]},{"type":"Feature","id":"parkings-des-operateurs-de-stationnements-de-la-metropole-de-lyon.fid--61bf6ba1_1a074192531_751f","geometry":{"type":"Point","coordinates":[4.7181187,45.74608894]},"geometry_name":"the_geom","properties":{"gid":149,"id":"69069-P-003","nom":"Craponne - 36 rue Centrale","gestionnaire":"LPA&CO","id_gestionnaire":"LPACO-0174","insee":"69069","adresse":"36 Rue Centrale, 69290, Craponne","url":"https://www.lpa-and-co.fr/","type_usagers":"abonnés","gratuit":false,"nb_places":-1,"nb_pr":null,"nb_pmr":null,"nb_voitures_electriques":null,"nb_velo":null,"nb_2r_el":null,"nb_autopartage":null,"nb_2_rm":null,"nb_covoit":null,"hauteur_max":"190","num_siret":"96950545200017","tarif_pmr":null,"tarif_1h":null,"tarif_2h":null,"tarif_3h":null,"tarif_4h":null,"tarif_24h":null,"abo_resident":35,"abo_non_resident":35,"type_ouvrage":null,"info":null,"info_temps_reel":false,"last_update":"2026-09-01T11:00:44.370+02:00"},"bbox":[4.7181187,45.74608894,4.7181187,45.74608894]},{"type":"Feature","id":"parkings-des-operateurs-de-stationnements-de-la-metropole-de-lyon.fid--61bf6ba1_1a074192531_7520","geometry":{"type":"Point","coordinates":[4.832217,45.76754304]},"geometry_name":"the_geom","properties":{"gid":167,"id":"69123-P-085","nom":"LPA Terreaux","gestionnaire":"LPA","id_gestionnaire":"LPA0729","insee":"69123","adresse":"18 rue d’Algérie, 69001, Lyon","url":"http://www.lpa.fr/se-garer-dans-un-parking/tous-les-parkings/terreaux/#informations","type_usagers":"tous","gratuit":false,"nb_places":560,"nb_pr":null,"nb_pmr":11,"nb_voitures_electriques":40,"nb_velo":537,"nb_2r_el":null,"nb_autopartage":12,"nb_2_rm":164,"nb_covoit":null,"hauteur_max":"190","num_siret":"96950545200017","tarif_pmr":null,"tarif_1h":3.4,"tarif_2h":6.8,"tarif_3h":10.2,"tarif_4h":13.6,"tarif_24h":52.8,"abo_resident":133,"abo_non_resident":232,"type_ouvrage":"ouvrage","info":null,"info_temps_reel":true,"last_update":"2026-09-01T11:00:44.402+02:00"},"bbox":[4.832217,45.76754304,4.832217,45.76754304]},{"type":"Feature","id":"parkings-des-operateurs-de-stationnements-de-la-metropole-de-lyon.fid--61bf6ba1_1a074192531_7521","geometry":{"type":"Point","coordinates":[4.87877,45.76618004]},"geometry_name":"the_geom","properties":{"gid":178,"id":"69266-P-010","nom":"LPA Hôtel de Ville Villeurbanne","gestionnaire":"LPA","id_gestionnaire":"LPA0752","insee":"69266","adresse":"51 rue Racine, 69100, Villeurbanne","url":"http://www.lpa.fr/se-garer-dans-un-parking/tous-les-parkings/hotel-de-ville-villeurbanne/#informations","type_usagers":"tous","gratuit":false,"nb_places":369,"nb_pr":null,"nb_pmr":9,"nb_voitures_electriques":0,"nb_velo":92,"nb_2r_el":null,"nb_autopartage":3,"nb_2_rm":20,"nb_covoit":null,"hauteur_max":"190","num_siret":"96950545200017","tarif_pmr":null,"tarif_1h":3.2,"tarif_2h":6.4,"tarif_3h":9.600000000000001,"tarif_4h":12.8,"tarif_24h":46.6,"abo_resident":52,"abo_non_resident":174,"type_ouvrage":"ouvrage","info":null,"info_temps_reel":true,"last_update":"2026-09-01T11:00:44.409+02:00"},"bbox":[4.87877,45.76618004,4.87877,45.76618004]},{"type":"Feature","id":"parkings-des-operateurs-de-stationnements-de-la-metropole-de-lyon.fid--61bf6ba1_1a074192531_7522","geometry":{"type":"Point","coordinates":[4.85133,45.76287004]},"geometry_name":"the_geom","properties":{"gid":165,"id":"69123-P-097","nom":"LPA Les Halles","gestionnaire":"LPA","id_gestionnaire":"LPA0703","insee":"69123","adresse":"156 rue Garibaldi, 69003, Lyon","url":"http://www.lpa.fr/se-garer-dans-un-parking/tous-les-parkings/les-halles/#informations","type_usagers":"tous","gratuit":false,"nb_places":456,"nb_pr":null,"nb_pmr":10,"nb_voitures_electriques":9,"nb_velo":108,"nb_2r_el":null,"nb_autopartage":2,"nb_2_rm":43,"nb_covoit":null,"hauteur_max":"180","num_siret":"96950545200017","tarif_pmr":null,"tarif_1h":3.2,"tarif_2h":6.4,"tarif_3h":9.600000000000001,"tarif_4h":12.8,"tarif_24h":46.6,"abo_resident":98,"abo_non_resident":156,"type_ouvrage":"ouvrage","info":null,"info_temps_reel":true,"last_update":"2026-09-01T11:00:44.402+02:00"},"bbox":[4.85133,45.76287004,4.85133,45.76287004]},{"type":"Feature","id":"parkings-des-operateurs-de-stationnements-de-la-metropole-de-lyon.fid--61bf6ba1_1a074192531_7523","geometry":{"type":"Point","coordinates":[4.8232072,45.74217304]},"geometry_name":"the_geom","properties":{"gid":35,"id":"69123-P-032","nom":"Confluence - Delandine","gestionnaire":"LPA&CO","id_gestionnaire":"LPACO-0032","insee":"69123","adresse":"74 Rue Delandine, 69002, Lyon","url":"https://www.lpa-and-co.fr/","type_usagers":"abonnés","gratuit":false,"nb_places":-1,"nb_pr":null,"nb_pmr":null,"nb_voitures_electriques":null,"nb_velo":null,"nb_2r_el":null,"nb_autopartage":null,"nb_2_rm":null,"nb_covoit":null,"hauteur_max":"190","num_siret":"96950545200017","tarif_pmr":null,"tarif_1h":null,"tarif_2h":3,"tarif_3h":null,"tarif_4h":null,"tarif_24h":24,"abo_resident":108,"abo_non_resident":108,"type_ouvrage":null,"info":null,"info_temps_reel":false,"last_update":"2026-09-01T11:00:44.363+02:00"},"bbox":[4.8232072,45.74217304,4.8232072,45.74217304]},{"type":"Feature","id":"parkings-des-operateurs-de-stationnements-de-la-metropole-de-lyon.fid--61bf6ba1_1a074192531_7524","geometry":{"type":"Point","coordinates":[4.8275937,45.73935534]},"geometry_name":"the_geom","properties":{"gid":118,"id":"69123-P-077","nom":"Jean Jaurès - 10 rue des Girondins","gestionnaire":"LPA&CO","id_gestionnaire":"LPACO-0116","insee":"69123","adresse":"10 Rue des Girondins, 69007, Lyon","url":"https://www.lpa-and-co.fr/","type_usagers":"abonnés","gratuit":false,"nb_places":-1,"nb_pr":null,"nb_pmr":null,"nb_voitures_electriques":null,"nb_velo":null,"nb_2r_el":null,"nb_autopartage":null,"nb_2_rm":null,"nb_covoit":null,"hauteur_max":"195","num_siret":"96950545200017","tarif_pmr":null,"tarif_1h":null,"tarif_2h":null,"tarif_3h":null,"tarif_4h":null,"tarif_24h":null,"abo_resident":82,"abo_non_resident":82,"type_ouvrage":null,"info":null,"info_temps_reel":false,"last_update":"2026-09-01T11:00:44.365+02:00"},"bbox":[4.8275937,45.73935534,4.8275937,45.73935534]},{"type":"Feature","id":"parkings-des-operateurs-de-stationnements-de-la-metropole-de-lyon.fid--61bf6ba1_1a074192531_7525","geometry":{"type":"Point","coordinates":[4.8376214,45.78110264]},"geometry_name":"the_geom","properties":{"gid":119,"id":"69123-P-076","nom":"Croix Rousse - 6 rue Ruplinger","gestionnaire":"LPA&CO","id_gestionnaire":"LPACO-0115","insee":"69123","adresse":"6 Rue Ruplinger, 69004, Lyon","url":"https://www.lpa-and-co.fr/","type_usagers":"abonnés","gratuit":false,"nb_places":-1,"nb_pr":null,"nb_pmr":null,"nb_voitures_electriques":null,"nb_velo":null,"nb_2r_el":null,"nb_autopartage":null,"nb_2_rm":null,"nb_covoit":null,"hauteur_max":"175","num_siret":"96950545200017","tarif_pmr":null,"tarif_1h":null,"tarif_2h":null,"tarif_3h":null,"tarif_4h":null,"tarif_24h":null,"abo_resident":115,"abo_non_resident":115,"type_ouvrage":null,"info":null,"info_temps_reel":false,"last_update":"2026-09-01T11:00:44.365+02:00"},"bbox":[4.8376214,45.78110264,4.8376214,45.78110264]},{"type":"Feature","id":"parkings-des-operateurs-de-stationnements-de-la-metropole-de-lyon.fid--61bf6ba1_1a074192531_7526","geometry":{"type":"Point","coordinates":[4.8723069,45.75394844]},"geometry_name":"the_geom","properties":{"gid":120,"id":"69123-P-075","nom":"97 Rue du Dauphiné","gestionnaire":"LPA&CO","id_gestionnaire":"LPACO-0114","insee":"69123","adresse":"97 Rue du Dauphiné, 69003, Lyon","url":"https://www.lpa-and-co.fr/","type_usagers":"abonnés","gratuit":false,"nb_places":-1,"nb_pr":null,"nb_pmr":null,"nb_voitures_electriques":null,"nb_velo":null,"nb_2r_el":null,"nb_autopartage":null,"nb_2_rm":null,"nb_covoit":null,"hauteur_max":"200","num_siret":"96950545200017","tarif_pmr":null,"tarif_1h":null,"tarif_2h":null,"tarif_3h":null,"tarif_4h":null,"tarif_24h":null,"abo_resident":85,"abo_non_resident":85,"type_ouvrage":null,"info":null,"info_temps_reel":false,"last_update":"2026-09-01T11:00:44.365+02:00"},"bbox":[4.8723069,45.75394844,4.8723069,45.75394844]},{"type":"Feature","id":"parkings-des-operateurs-de-stationnements-de-la-metropole-de-lyon.fid--61bf6ba1_1a074192531_7527","geometry":{"type":"Point","coordinates":[4.8627865,45.75878694]},"geometry_name":"the_geom","properties":{"gid":255,"id":"69123-P-119","nom":"Gare Part-Dieu - Galaxie P3","gestionnaire":"LPA&CO","id_gestionnaire":"LPACO-0154","insee":"69123","adresse":"70 Rue Maurice Flandin, 69003, Lyon","url":"https://www.lpa-and-co.fr/","type_usagers":"abonnés","gratuit":false,"nb_places":-1,"nb_pr":null,"nb_pmr":null,"nb_voitures_electriques":null,"nb_velo":null,"nb_2r_el":null,"nb_autopartage":null,"nb_2_rm":null,"nb_covoit":null,"hauteur_max":"180","num_siret":null,"tarif_pmr":null,"tarif_1h":null,"tarif_2h":null,"tarif_3h":null,"tarif_4h":null,"tarif_24h":null,"abo_resident":160,"abo_non_resident":160,"type_ouvrage":null,"info":null,"info_temps_reel":false,"last_update":"2026-09-01T11:00:44.365+02:00"},"bbox":[4.8627865,45.75878694,4.8627865,45.75878694]},{"type":"Feature","id":"parkings-des-operateurs-de-stationnements-de-la-metropole-de-lyon.fid--61bf6ba1_1a074192531_7528","geometry":{"type":"Point","coordinates":[4.9568636,45.6929974]},"geometry_name":"the_geom","properties":{"gid":212,"id":"69290-P-005","nom":"Saint-Priest Bel Air","gestionnaire":"TCL","id_gestionnaire":"BELA","insee":"69290","adresse":null,"url":null,"type_usagers":null,"gratuit":null,"nb_places":119,"nb_pr":119,"nb_pmr":null,"nb_voitures_electriques":null,"nb_velo":null,"nb_2r_el":null,"nb_autopartage":null,"nb_2_rm":null,"nb_covoit":null,"hauteur_max":null,"num_siret":"30807763500024","tarif_pmr":null,"tarif_1h":null,"tarif_2h":null,"tarif_3h":null,"tarif_4h":null,"tarif_24h":null,"abo_resident":null,"abo_non_resident":null,"type_ouvrage":null,"info":"Ouvert de 5h00 à 17h30, du lundi au dimanche - Accès libre en dehors de ces horaires","info_temps_reel":true,"last_update":"2026-09-05T05:00:02+02:00"},"bbox":[4.9568636,45.6929974,4.9568636,45.6929974]},{"type":"Feature","id":"parkings-des-operateurs-de-stationnements-de-la-metropole-de-lyon.fid--61bf6ba1_1a074192531_7529","geometry":{"type":"Point","coordinates":[4.8434867,45.89573844]},"geometry_name":"the_geom","properties":{"gid":54,"id":"69278-P-001","nom":"Genay - rue du Château","gestionnaire":"LPA&CO","id_gestionnaire":"LPACO-0053","insee":"69278","adresse":"258 Rue du Château, 69730, Genay","url":"https://www.lpa-and-co.fr/","type_usagers":"abonnés","gratuit":false,"nb_places":-1,"nb_pr":null,"nb_pmr":null,"nb_voitures_electriques":null,"nb_velo":null,"nb_2r_el":null,"nb_autopartage":null,"nb_2_rm":null,"nb_covoit":null,"hauteur_max":"195","num_siret":"96950545200017","tarif_pmr":null,"tarif_1h":null,"tarif_2h":null,"tarif_3h":null,"tarif_4h":null,"tarif_24h":null,"abo_resident":52,"abo_non_resident":52,"type_ouvrage":null,"info":null,"info_temps_reel":false,"last_update":"2026-09-01T11:00:44.364+02:00"},"bbox":[4.8434867,45.89573844,4.8434867,45.89573844]},{"type":"Feature","id":"parkings-des-operateurs-de-stationnements-de-la-metropole-de-lyon.fid--61bf6ba1_1a074192531_752a","geometry":{"type":"Point","coordinates":[4.93754315,45.76868742]},"geometry_name":"the_geom","properties":{"gid":55,"id":"69275-P-002","nom":"Décines - Normandie Niemen","gestionnaire":"LPA&CO","id_gestionnaire":"LPACO-0102","insee":"69275","adresse":"45 Avenue Normandie Niemen, 69150, Décines-Charpieu","url":"https://www.lpa-and-co.fr/","type_usagers":"abonnés","gratuit":false,"nb_places":-1,"nb_pr":null,"nb_pmr":null,"nb_voitures_electriques":null,"nb_velo":null,"nb_2r_el":null,"nb_autopartage":null,"nb_2_rm":null,"nb_covoit":null,"hauteur_max":"180","num_siret":"96950545200017","tarif_pmr":null,"tarif_1h":null,"tarif_2h":null,"tarif_3h":null,"tarif_4h":null,"tarif_24h":null,"abo_resident":58,"abo_non_resident":58,"type_ouvrage":null,"info":null,"info_temps_reel":false,"last_update":"2026-09-01T11:00:44.364+02:00"},"bbox":[4.93754315,45.76868742,4.93754315,45.76868742]},{"type":"Feature","id":"parkings-des-operateurs-de-stationnements-de-la-metropole-de-lyon.fid--61bf6ba1_1a074192531_752b","geometry":{"type":"Point","coordinates":[4.82657252,45.7697211]},"geometry_name":"the_geom","properties":{"gid":101,"id":"69123-P-066","nom":"Lyon 1 - Clinique St Charles","gestionnaire":"LPA&CO","id_gestionnaire":"LPACO-0100","insee":"69123","adresse":"25 Rue de Flesselles, 69001, Lyon","url":"https://www.lpa-and-co.fr/","type_usagers":"abonnés","gratuit":false,"nb_places":-1,"nb_pr":null,"nb_pmr":null,"nb_voitures_electriques":null,"nb_velo":null,"nb_2r_el":null,"nb_autopartage":null,"nb_2_rm":null,"nb_covoit":null,"hauteur_max":"250","num_siret":"96950545200017","tarif_pmr":null,"tarif_1h":null,"tarif_2h":null,"tarif_3h":null,"tarif_4h":null,"tarif_24h":null,"abo_resident":100,"abo_non_resident":100,"type_ouvrage":null,"info":null,"info_temps_reel":false,"last_update":"2026-09-01T11:00:44.364+02:00"},"bbox":[4.82657252,45.7697211,4.82657252,45.7697211]},{"type":"Feature","id":"parkings-des-operateurs-de-stationnements-de-la-metropole-de-lyon.fid--61bf6ba1_1a074192531_752c","geometry":{"type":"Point","coordinates":[4.8541404,45.75073324]},"geometry_name":"the_geom","properties":{"gid":102,"id":"69123-P-067","nom":"Lyon 7 - 289 rue Garibaldi","gestionnaire":"LPA&CO","id_gestionnaire":"LPACO-0101","insee":"69123","adresse":"289 Rue Garibaldi, 69007, Lyon","url":"https://www.lpa-and-co.fr/","type_usagers":"abonnés","gratuit":false,"nb_places":-1,"nb_pr":null,"nb_pmr":null,"nb_voitures_electriques":null,"nb_velo":null,"nb_2r_el":null,"nb_autopartage":null,"nb_2_rm":null,"nb_covoit":null,"hauteur_max":"195","num_siret":"96950545200017","tarif_pmr":null,"tarif_1h":null,"tarif_2h":null,"tarif_3h":null,"tarif_4h":null,"tarif_24h":null,"abo_resident":105,"abo_non_resident":105,"type_ouvrage":null,"info":null,"info_temps_reel":false,"last_update":"2026-09-01T11:00:44.364+02:00"},"bbox":[4.8541404,45.75073324,4.8541404,45.75073324]},{"type":"Feature","id":"parkings-des-operateurs-de-stationnements-de-la-metropole-de-lyon.fid--61bf6ba1_1a074192531_752d","geometry":{"type":"Point","coordinates":[4.9492098,45.76949564]},"geometry_name":"the_geom","properties":{"gid":103,"id":"69275-P-001","nom":"Décines - Michelet","gestionnaire":"LPA&CO","id_gestionnaire":"LPACO-0097","insee":"69275","adresse":"2 Rue Michelet, 69150, Décines-Charpieu","url":"https://www.lpa-and-co.fr/","type_usagers":"abonnés","gratuit":false,"nb_places":-1,"nb_pr":null,"nb_pmr":null,"nb_voitures_electriques":null,"nb_velo":null,"nb_2r_el":null,"nb_autopartage":null,"nb_2_rm":null,"nb_covoit":null,"hauteur_max":"190","num_siret":"96950545200017","tarif_pmr":null,"tarif_1h":null,"tarif_2h":null,"tarif_3h":null,"tarif_4h":null,"tarif_24h":null,"abo_resident":80,"abo_non_resident":80,"type_ouvrage":null,"info":null,"info_temps_reel":false,"last_update":"2026-09-01T11:00:44.364+02:00"},"bbox":[4.9492098,45.76949564,4.9492098,45.76949564]},{"type":"Feature","id":"parkings-des-operateurs-de-stationnements-de-la-metropole-de-lyon.fid--61bf6ba1_1a074192531_752e","geometry":{"type":"Point","coordinates":[4.8247942,45.74567124]},"geometry_name":"the_geom","properties":{"gid":109,"id":"69123-P-071","nom":"Perrache - 28 rue Smith","gestionnaire":"LPA&CO","id_gestionnaire":"LPACO-0110","insee":"69123","adresse":"28 Rue Smith, 69002, Lyon","url":"https://www.lpa-and-co.fr/","type_usagers":"abonnés","gratuit":false,"nb_places":-1,"nb_pr":null,"nb_pmr":null,"nb_voitures_electriques":null,"nb_velo":null,"nb_2r_el":null,"nb_autopartage":null,"nb_2_rm":null,"nb_covoit":null,"hauteur_max":"180","num_siret":"96950545200017","tarif_pmr":null,"tarif_1h":null,"tarif_2h":null,"tarif_3h":null,"tarif_4h":null,"tarif_24h":null,"abo_resident":115,"abo_non_resident":115,"type_ouvrage":null,"info":null,"info_temps_reel":false,"last_update":"2026-09-01T11:00:44.364+02:00"},"bbox":[4.8247942,45.74567124,4.8247942,45.74567124]},{"type":"Feature","id":"parkings-des-operateurs-de-stationnements-de-la-metropole-de-lyon.fid--61bf6ba1_1a074192531_752f","geometry":{"type":"Point","coordinates":[4.8935235,45.76923574]},"geometry_name":"the_geom","properties":{"gid":151,"id":"69266-P-018","nom":"Villeurbanne - Pressencé","gestionnaire":"LPA&CO","id_gestionnaire":"LPACO-0171","insee":"69266","adresse":"66 Rue Greuze, 69100, Villeurbanne","url":"https://www.lpa-and-co.fr/","type_usagers":"abonnés","gratuit":false,"nb_places":-1,"nb_pr":null,"nb_pmr":null,"nb_voitures_electriques":null,"nb_velo":null,"nb_2r_el":null,"nb_autopartage":null,"nb_2_rm":null,"nb_covoit":null,"hauteur_max":"190","num_siret":"96950545200017","tarif_pmr":null,"tarif_1h":null,"tarif_2h":null,"tarif_3h":null,"tarif_4h":null,"tarif_24h":null,"abo_resident":55,"abo_non_resident":55,"type_ouvrage":null,"info":null,"info_temps_reel":false,"last_update":"2026-09-01T11:00:44.374+02:00"},"bbox":[4.8935235,45.76923574,4.8935235,45.76923574]},{"type":"Feature","id":"parkings-des-operateurs-de-stationnements-de-la-metropole-de-lyon.fid--61bf6ba1_1a074192531_7530","geometry":{"type":"Point","coordinates":[4.8827307,45.77822024]},"geometry_name":"the_geom","properties":{"gid":152,"id":"69266-P-019","nom":"Villeurbanne - Filature","gestionnaire":"LPA&CO","id_gestionnaire":"LPACO-0172","insee":"69266","adresse":"55 Rue de la Filature, 69100, Villeurbanne","url":"https://www.lpa-and-co.fr/","type_usagers":"abonnés","gratuit":false,"nb_places":-1,"nb_pr":null,"nb_pmr":null,"nb_voitures_electriques":null,"nb_velo":null,"nb_2r_el":null,"nb_autopartage":null,"nb_2_rm":null,"nb_covoit":null,"hauteur_max":"190","num_siret":"96950545200017","tarif_pmr":null,"tarif_1h":null,"tarif_2h":null,"tarif_3h":null,"tarif_4h":null,"tarif_24h":null,"abo_resident":63,"abo_non_resident":63,"type_ouvrage":null,"info":null,"info_temps_reel":false,"last_update":"2026-09-01T11:00:44.374+02:00"},"bbox":[4.8827307,45.77822024,4.8827307,45.77822024]},{"type":"Feature","id":"parkings-des-operateurs-de-stationnements-de-la-metropole-de-lyon.fid--61bf6ba1_1a074192531_7531","geometry":{"type":"Point","coordinates":[4.6752422,45.82288124]},"geometry_name":"the_geom","properties":{"gid":153,"id":"69112-P-001","nom":"Lentilly - Nationale 7","gestionnaire":"LPA&CO","id_gestionnaire":"LPACO-0173","insee":"69112","adresse":"145 D307, 69210, Lentilly","url":"https://www.lpa-and-co.fr/","type_usagers":"abonnés","gratuit":false,"nb_places":-1,"nb_pr":null,"nb_pmr":null,"nb_voitures_electriques":null,"nb_velo":null,"nb_2r_el":null,"nb_autopartage":null,"nb_2_rm":null,"nb_covoit":null,"hauteur_max":"190","num_siret":"96950545200017","tarif_pmr":null,"tarif_1h":null,"tarif_2h":null,"tarif_3h":null,"tarif_4h":null,"tarif_24h":null,"abo_resident":75,"abo_non_resident":75,"type_ouvrage":null,"info":null,"info_temps_reel":false,"last_update":"2026-09-01T11:00:44.374+02:00"},"bbox":[4.6752422,45.82288124,4.6752422,45.82288124]},{"type":"Feature","id":"parkings-des-operateurs-de-stationnements-de-la-metropole-de-lyon.fid--61bf6ba1_1a074192531_7532","geometry":{"type":"Point","coordinates":[4.8825468,45.73890604]},"geometry_name":"the_geom","properties":{"gid":154,"id":"69123-P-130","nom":"Grange Blanche - Laënnec","gestionnaire":"LPA&CO","id_gestionnaire":"LPACO-0175","insee":"69123","adresse":"68 Rue Laënnec, 69008, Lyon","url":"https://www.lpa-and-co.fr/","type_usagers":"abonnés","gratuit":false,"nb_places":-1,"nb_pr":null,"nb_pmr":null,"nb_voitures_electriques":null,"nb_velo":null,"nb_2r_el":null,"nb_autopartage":null,"nb_2_rm":null,"nb_covoit":null,"hauteur_max":"200","num_siret":"96950545200017","tarif_pmr":null,"tarif_1h":null,"tarif_2h":null,"tarif_3h":null,"tarif_4h":null,"tarif_24h":null,"abo_resident":63,"abo_non_resident":63,"type_ouvrage":null,"info":null,"info_temps_reel":false,"last_update":"2026-09-01T11:00:44.374+02:00"},"bbox":[4.8825468,45.73890604,4.8825468,45.73890604]},{"type":"Feature","id":"parkings-des-operateurs-de-stationnements-de-la-metropole-de-lyon.fid--61bf6ba1_1a074192531_7533","geometry":{"type":"Point","coordinates":[4.90045745,45.81928469]},"geometry_name":"the_geom","properties":{"gid":155,"id":"69286-P-001","nom":"Rillieux-la-Pape - Ampère","gestionnaire":"LPA&CO","id_gestionnaire":"LPACO-0176","insee":"69286","adresse":"250 Rue Ampère, 69140, Rillieux-la-Pape","url":"https://www.lpa-and-co.fr/","type_usagers":"abonnés","gratuit":false,"nb_places":-1,"nb_pr":null,"nb_pmr":null,"nb_voitures_electriques":null,"nb_velo":null,"nb_2r_el":null,"nb_autopartage":null,"nb_2_rm":null,"nb_covoit":null,"hauteur_max":"200","num_siret":"96950545200017","tarif_pmr":null,"tarif_1h":null,"tarif_2h":null,"tarif_3h":null,"tarif_4h":null,"tarif_24h":null,"abo_resident":36,"abo_non_resident":36,"type_ouvrage":null,"info":null,"info_temps_reel":false,"last_update":"2026-09-01T11:00:44.374+02:00"},"bbox":[4.90045745,45.81928469,4.90045745,45.81928469]},{"type":"Feature","id":"parkings-des-operateurs-de-stationnements-de-la-metropole-de-lyon.fid--61bf6ba1_1a074192531_7534","geometry":{"type":"Point","coordinates":[4.8215964,45.73839084]},"geometry_name":"the_geom","properties":{"gid":156,"id":"69123-P-131","nom":"Marché Gare - La Confluence","gestionnaire":"LPA&CO","id_gestionnaire":"LPACO-0177","insee":"69123","adresse":"41 Quai Perrache, 69002, Lyon","url":"https://www.lpa-and-co.fr/","type_usagers":"abonnés","gratuit":false,"nb_places":-1,"nb_pr":null,"nb_pmr":null,"nb_voitures_electriques":null,"nb_velo":null,"nb_2r_el":null,"nb_autopartage":null,"nb_2_rm":null,"nb_covoit":null,"hauteur_max":"230","num_siret":"96950545200017","tarif_pmr":null,"tarif_1h":null,"tarif_2h":null,"tarif_3h":null,"tarif_4h":null,"tarif_24h":null,"abo_resident":160,"abo_non_resident":160,"type_ouvrage":null,"info":null,"info_temps_reel":false,"last_update":"2026-09-01T11:00:44.374+02:00"},"bbox":[4.8215964,45.73839084,4.8215964,45.73839084]},{"type":"Feature","id":"parkings-des-operateurs-de-stationnements-de-la-metropole-de-lyon.fid--61bf6ba1_1a074192531_7535","geometry":{"type":"Point","coordinates":[4.8273519,45.76907894]},"geometry_name":"the_geom","properties":{"gid":157,"id":"69123-P-132","nom":"Lyon 1 - Saint-Vincent","gestionnaire":"LPA&CO","id_gestionnaire":"LPACO-0181","insee":"69123","adresse":"2 Imp. Tavernier, 69001, Lyon","url":"https://www.lpa-and-co.fr/","type_usagers":"abonnés","gratuit":false,"nb_places":-1,"nb_pr":null,"nb_pmr":null,"nb_voitures_electriques":null,"nb_velo":null,"nb_2r_el":null,"nb_autopartage":null,"nb_2_rm":null,"nb_covoit":null,"hauteur_max":"190","num_siret":"96950545200017","tarif_pmr":null,"tarif_1h":null,"tarif_2h":null,"tarif_3h":null,"tarif_4h":null,"tarif_24h":null,"abo_resident":135,"abo_non_resident":135,"type_ouvrage":null,"info":null,"info_temps_reel":false,"last_update":"2026-09-01T11:00:44.374+02:00"},"bbox":[4.8273519,45.76907894,4.8273519,45.76907894]},{"type":"Feature","id":"parkings-des-operateurs-de-stationnements-de-la-metropole-de-lyon.fid--61bf6ba1_1a074192531_7536","geometry":{"type":"Point","coordinates":[4.791828,45.74317274]},"geometry_name":"the_geom","properties":{"gid":158,"id":"69202-P-002","nom":"Sainte-Foy-lès-Lyon - Grand Vallon","gestionnaire":"LPA&CO","id_gestionnaire":"LPACO-0183","insee":"69202","adresse":"17 Chem. des Prés, 69110, Sainte-Foy-lès-Lyon","url":"https://www.lpa-and-co.fr/","type_usagers":"abonnés","gratuit":false,"nb_places":-1,"nb_pr":null,"nb_pmr":null,"nb_voitures_electriques":null,"nb_velo":null,"nb_2r_el":null,"nb_autopartage":null,"nb_2_rm":null,"nb_covoit":null,"hauteur_max":"190","num_siret":"96950545200017","tarif_pmr":null,"tarif_1h":null,"tarif_2h":null,"tarif_3h":null,"tarif_4h":null,"tarif_24h":null,"abo_resident":73,"abo_non_resident":73,"type_ouvrage":null,"info":null,"info_temps_reel":false,"last_update":"2026-09-01T11:00:44.374+02:00"},"bbox":[4.791828,45.74317274,4.791828,45.74317274]},{"type":"Feature","id":"parkings-des-operateurs-de-stationnements-de-la-metropole-de-lyon.fid--61bf6ba1_1a074192531_7537","geometry":{"type":"Point","coordinates":[4.8321153,45.73655374]},"geometry_name":"the_geom","properties":{"gid":266,"id":"69123-P-167","nom":"Lyon 7 - Félix Brun","gestionnaire":"LPA&CO","id_gestionnaire":"LPACO-01200","insee":"69123","adresse":"47 Rue Félix Brun, 69007, Lyon","url":"https://www.lpa-and-co.fr/","type_usagers":"abonnés","gratuit":false,"nb_places":-1,"nb_pr":null,"nb_pmr":null,"nb_voitures_electriques":null,"nb_velo":null,"nb_2r_el":null,"nb_autopartage":null,"nb_2_rm":null,"nb_covoit":null,"hauteur_max":"180","num_siret":null,"tarif_pmr":null,"tarif_1h":null,"tarif_2h":null,"tarif_3h":null,"tarif_4h":null,"tarif_24h":null,"abo_resident":70,"abo_non_resident":70,"type_ouvrage":null,"info":null,"info_temps_reel":false,"last_update":"2026-09-01T11:00:44.378+02:00"},"bbox":[4.8321153,45.73655374,4.8321153,45.73655374]},{"type":"Feature","id":"parkings-des-operateurs-de-stationnements-de-la-metropole-de-lyon.fid--61bf6ba1_1a074192531_7538","geometry":{"type":"Point","coordinates":[4.7967263,45.86287534]},"geometry_name":"the_geom","properties":{"gid":236,"id":"69153-P-001","nom":"Poleymieux-au-Mont-d'Or - Quartier de l'ancienne église","gestionnaire":"LPA&CO","id_gestionnaire":"LPACO-01210","insee":"69153","adresse":"45 Chem. du Pavillon, 69250, Poleymieux-au-Mont-d'Or","url":"https://www.lpa-and-co.fr/","type_usagers":"abonnés","gratuit":false,"nb_places":-1,"nb_pr":null,"nb_pmr":null,"nb_voitures_electriques":null,"nb_velo":null,"nb_2r_el":null,"nb_autopartage":null,"nb_2_rm":null,"nb_covoit":null,"hauteur_max":"300","num_siret":null,"tarif_pmr":null,"tarif_1h":null,"tarif_2h":null,"tarif_3h":null,"tarif_4h":null,"tarif_24h":null,"abo_resident":39,"abo_non_resident":39,"type_ouvrage":null,"info":null,"info_temps_reel":false,"last_update":"2026-09-01T11:00:44.383+02:00"},"bbox":[4.7967263,45.86287534,4.7967263,45.86287534]},{"type":"Feature","id":"parkings-des-operateurs-de-stationnements-de-la-metropole-de-lyon.fid--61bf6ba1_1a074192531_7539","geometry":{"type":"Point","coordinates":[4.8099929,45.78814444]},"geometry_name":"the_geom","properties":{"gid":239,"id":"69123-P-155","nom":"Parking vélos - Lyon 9 - Rochecardon","gestionnaire":"LPA&CO","id_gestionnaire":"LPACO-01211","insee":"69123","adresse":"4 Pass. du Côteau, 69009, Lyon","url":"https://www.lpa-and-co.fr/","type_usagers":"abonnés","gratuit":false,"nb_places":-1,"nb_pr":null,"nb_pmr":null,"nb_voitures_electriques":null,"nb_velo":null,"nb_2r_el":null,"nb_autopartage":null,"nb_2_rm":null,"nb_covoit":null,"hauteur_max":"0","num_siret":null,"tarif_pmr":null,"tarif_1h":null,"tarif_2h":null,"tarif_3h":null,"tarif_4h":null,"tarif_24h":2,"abo_resident":8,"abo_non_resident":8,"type_ouvrage":null,"info":null,"info_temps_reel":false,"last_update":"2026-09-01T11:00:44.387+02:00"},"bbox":[4.8099929,45.78814444,4.8099929,45.78814444]},{"type":"Feature","id":"parkings-des-operateurs-de-stationnements-de-la-metropole-de-lyon.fid--61bf6ba1_1a074192531_753a","geometry":{"type":"Point","coordinates":[4.897674,45.73703784]},"geometry_name":"the_geom","properties":{"gid":240,"id":"69029-P-003","nom":"Bron - Avenue Franklin Roosevelt","gestionnaire":"LPA&CO","id_gestionnaire":"LPACO-01212","insee":"69029","adresse":"2 Rue des Iris, 69500, Bron","url":"https://www.lpa-and-co.fr/","type_usagers":"abonnés","gratuit":false,"nb_places":-1,"nb_pr":null,"nb_pmr":null,"nb_voitures_electriques":null,"nb_velo":null,"nb_2r_el":null,"nb_autopartage":null,"nb_2_rm":null,"nb_covoit":null,"hauteur_max":"190","num_siret":null,"tarif_pmr":null,"tarif_1h":null,"tarif_2h":null,"tarif_3h":null,"tarif_4h":null,"tarif_24h":null,"abo_resident":30,"abo_non_resident":30,"type_ouvrage":null,"info":null,"info_temps_reel":false,"last_update":"2026-09-01T11:00:44.387+02:00"},"bbox":[4.897674,45.73703784,4.897674,45.73703784]},{"type":"Feature","id":"parkings-des-operateurs-de-stationnements-de-la-metropole-de-lyon.fid--61bf6ba1_1a074192531_753b","geometry":{"type":"Point","coordinates":[4.88654981,45.73429394]},"geometry_name":"the_geom","properties":{"gid":242,"id":"69123-P-157","nom":"Lyon 8 - Mermoz","gestionnaire":"LPA&CO","id_gestionnaire":"LPACO-01214","insee":"69123","adresse":"32 Rue Professeur Ranvier, 69008, Lyon","url":"https://www.lpa-and-co.fr/","type_usagers":"abonnés","gratuit":false,"nb_places":-1,"nb_pr":null,"nb_pmr":null,"nb_voitures_electriques":null,"nb_velo":null,"nb_2r_el":null,"nb_autopartage":null,"nb_2_rm":null,"nb_covoit":null,"hauteur_max":"195","num_siret":null,"tarif_pmr":null,"tarif_1h":null,"tarif_2h":null,"tarif_3h":null,"tarif_4h":null,"tarif_24h":null,"abo_resident":100,"abo_non_resident":100,"type_ouvrage":null,"info":null,"info_temps_reel":false,"last_update":"2026-09-01T11:00:44.387+02:00"},"bbox":[4.88654981,45.73429394,4.88654981,45.73429394]},{"type":"Feature","id":"parkings-des-operateurs-de-stationnements-de-la-metropole-de-lyon.fid--61bf6ba1_1a074192531_753c","geometry":{"type":"Point","coordinates":[4.7948149,45.79130004]},"geometry_name":"the_geom","properties":{"gid":251,"id":"69040-P-001","nom":"Champagne-au-Mont-d'Or - La Duchère","gestionnaire":"LPA&CO","id_gestionnaire":"LPACO-01215","insee":"69040","adresse":"28 bis Rue Jean Claude Bartet, 69410, Champagne-au-Mont-d'Or","url":"https://www.lpa-and-co.fr/","type_usagers":"abonnés","gratuit":false,"nb_places":-1,"nb_pr":null,"nb_pmr":null,"nb_voitures_electriques":null,"nb_velo":null,"nb_2r_el":null,"nb_autopartage":null,"nb_2_rm":null,"nb_covoit":null,"hauteur_max":"190","num_siret":null,"tarif_pmr":null,"tarif_1h":null,"tarif_2h":null,"tarif_3h":null,"tarif_4h":null,"tarif_24h":null,"abo_resident":38,"abo_non_resident":38,"type_ouvrage":null,"info":null,"info_temps_reel":false,"last_update":"2026-09-01T11:00:44.387+02:00"},"bbox":[4.7948149,45.79130004,4.7948149,45.79130004]},{"type":"Feature","id":"parkings-des-operateurs-de-stationnements-de-la-metropole-de-lyon.fid--61bf6ba1_1a074192531_753d","geometry":{"type":"Point","coordinates":[4.938571,45.69421704]},"geometry_name":"the_geom","properties":{"gid":243,"id":"69290-P-006","nom":"Saint-Priest - Boulevard Edouard Herriot","gestionnaire":"LPA&CO","id_gestionnaire":"LPACO-01217","insee":"69290","adresse":"29 Rue Mozart, 69800, Saint-Priest","url":"https://www.lpa-and-co.fr/","type_usagers":"abonnés","gratuit":false,"nb_places":-1,"nb_pr":null,"nb_pmr":null,"nb_voitures_electriques":null,"nb_velo":null,"nb_2r_el":null,"nb_autopartage":null,"nb_2_rm":null,"nb_covoit":null,"hauteur_max":"200","num_siret":null,"tarif_pmr":null,"tarif_1h":null,"tarif_2h":null,"tarif_3h":null,"tarif_4h":null,"tarif_24h":null,"abo_resident":70,"abo_non_resident":70,"type_ouvrage":null,"info":null,"info_temps_reel":false,"last_update":"2026-09-01T11:00:44.387+02:00"},"bbox":[4.938571,45.69421704,4.938571,45.69421704]},{"type":"Feature","id":"parkings-des-operateurs-de-stationnements-de-la-metropole-de-lyon.fid--61bf6ba1_1a074192531_753e","geometry":{"type":"Point","coordinates":[4.8145516,45.73056964]},"geometry_name":"the_geom","properties":{"gid":244,"id":"69142-P-001","nom":"La Mulatière - Aquarium de Lyon","gestionnaire":"LPA&CO","id_gestionnaire":"LPACO-01218","insee":"69142","adresse":"40 Quai Jean-Jacques Rousseau, 69350, La Mulatière","url":"https://www.lpa-and-co.fr/","type_usagers":"abonnés","gratuit":false,"nb_places":-1,"nb_pr":null,"nb_pmr":null,"nb_voitures_electriques":null,"nb_velo":null,"nb_2r_el":null,"nb_autopartage":null,"nb_2_rm":null,"nb_covoit":null,"hauteur_max":"500","num_siret":null,"tarif_pmr":null,"tarif_1h":null,"tarif_2h":null,"tarif_3h":null,"tarif_4h":null,"tarif_24h":null,"abo_resident":57,"abo_non_resident":57,"type_ouvrage":null,"info":null,"info_temps_reel":false,"last_update":"2026-09-01T11:00:44.387+02:00"},"bbox":[4.8145516,45.73056964,4.8145516,45.73056964]},{"type":"Feature","id":"parkings-des-operateurs-de-stationnements-de-la-metropole-de-lyon.fid--61bf6ba1_1a074192531_753f","geometry":{"type":"Point","coordinates":[4.84052,45.75714004]},"geometry_name":"the_geom","properties":{"gid":177,"id":"69123-P-096","nom":"LPA Fosse aux Ours","gestionnaire":"LPA","id_gestionnaire":"LPA0751","insee":"69123","adresse":"29 quai Victor Augagneur , 69003, Lyon","url":"http://www.lpa.fr/se-garer-dans-un-parking/tous-les-parkings/fosse-aux-ours/#informations","type_usagers":"tous","gratuit":false,"nb_places":335,"nb_pr":null,"nb_pmr":9,"nb_voitures_electriques":19,"nb_velo":117,"nb_2r_el":null,"nb_autopartage":3,"nb_2_rm":98,"nb_covoit":null,"hauteur_max":"190","num_siret":"96950545200017","tarif_pmr":null,"tarif_1h":3.2,"tarif_2h":6.4,"tarif_3h":9.600000000000001,"tarif_4h":12.8,"tarif_24h":46.6,"abo_resident":136,"abo_non_resident":207,"type_ouvrage":"ouvrage","info":null,"info_temps_reel":true,"last_update":"2026-09-01T11:00:44.409+02:00"},"bbox":[4.84052,45.75714004,4.84052,45.75714004]},{"type":"Feature","id":"parkings-des-operateurs-de-stationnements-de-la-metropole-de-lyon.fid--61bf6ba1_1a074192531_7540","geometry":{"type":"Point","coordinates":[4.84847,45.76178004]},"geometry_name":"the_geom","properties":{"gid":170,"id":"69123-P-095","nom":"LPA Bonnel Servient","gestionnaire":"LPA","id_gestionnaire":"LPA0737","insee":"69123","adresse":"44 rue de Bonnel, 69003, Lyon","url":"http://www.lpa.fr/se-garer-dans-un-parking/tous-les-parkings/bonnel-servient/#informations","type_usagers":"tous","gratuit":false,"nb_places":769,"nb_pr":null,"nb_pmr":10,"nb_voitures_electriques":0,"nb_velo":0,"nb_2r_el":null,"nb_autopartage":0,"nb_2_rm":6,"nb_covoit":null,"hauteur_max":"180","num_siret":"96950545200017","tarif_pmr":null,"tarif_1h":3.2,"tarif_2h":6.4,"tarif_3h":9.600000000000001,"tarif_4h":12.8,"tarif_24h":46.6,"abo_resident":98,"abo_non_resident":156,"type_ouvrage":"ouvrage","info":null,"info_temps_reel":true,"last_update":"2026-09-01T11:00:44.402+02:00"},"bbox":[4.84847,45.76178004,4.84847,45.76178004]},{"type":"Feature","id":"parkings-des-operateurs-de-stationnements-de-la-metropole-de-lyon.fid--61bf6ba1_1a074192531_7541","geometry":{"type":"Point","coordinates":[4.8559858,45.76498201]},"geometry_name":"the_geom","properties":{"gid":1,"id":"69123-P-045","nom":"Part-Dieu - Ney","gestionnaire":"LPA&CO","id_gestionnaire":"LPACO-0045","insee":"69123","adresse":"94 Rue Ney, 69006, Lyon","url":"https://www.lpa-and-co.fr/","type_usagers":"abonnés","gratuit":false,"nb_places":-1,"nb_pr":null,"nb_pmr":null,"nb_voitures_electriques":null,"nb_velo":null,"nb_2r_el":null,"nb_autopartage":null,"nb_2_rm":null,"nb_covoit":null,"hauteur_max":"180","num_siret":"96950545200017","tarif_pmr":null,"tarif_1h":null,"tarif_2h":3,"tarif_3h":null,"tarif_4h":null,"tarif_24h":24,"abo_resident":120,"abo_non_resident":120,"type_ouvrage":null,"info":null,"info_temps_reel":false,"last_update":"2026-09-01T11:00:44.362+02:00"},"bbox":[4.8559858,45.76498201,4.8559858,45.76498201]},{"type":"Feature","id":"parkings-des-operateurs-de-stationnements-de-la-metropole-de-lyon.fid--61bf6ba1_1a074192531_7542","geometry":{"type":"Point","coordinates":[4.8504035,45.76577684]},"geometry_name":"the_geom","properties":{"gid":2,"id":"69123-P-011","nom":"Part-Dieu - Garibaldi","gestionnaire":"LPA&CO","id_gestionnaire":"LPACO-0011","insee":"69123","adresse":"34 Rue Amédée Bonnet, 69006, Lyon","url":"https://www.lpa-and-co.fr/","type_usagers":"abonnés","gratuit":false,"nb_places":-1,"nb_pr":null,"nb_pmr":null,"nb_voitures_electriques":null,"nb_velo":null,"nb_2r_el":null,"nb_autopartage":null,"nb_2_rm":null,"nb_covoit":null,"hauteur_max":"195","num_siret":"96950545200017","tarif_pmr":null,"tarif_1h":null,"tarif_2h":null,"tarif_3h":null,"tarif_4h":null,"tarif_24h":null,"abo_resident":110,"abo_non_resident":110,"type_ouvrage":null,"info":null,"info_temps_reel":false,"last_update":"2026-09-01T11:00:44.362+02:00"},"bbox":[4.8504035,45.76577684,4.8504035,45.76577684]},{"type":"Feature","id":"parkings-des-operateurs-de-stationnements-de-la-metropole-de-lyon.fid--61bf6ba1_1a074192531_7543","geometry":{"type":"Point","coordinates":[4.84669834,45.76522066]},"geometry_name":"the_geom","properties":{"gid":3,"id":"69123-P-001","nom":"Lyon 6 - Vendôme","gestionnaire":"LPA&CO","id_gestionnaire":"LPACO-0001","insee":"69123","adresse":"49 Rue Vauban, 69006, Lyon","url":"https://www.lpa-and-co.fr/","type_usagers":"abonnés","gratuit":false,"nb_places":-1,"nb_pr":null,"nb_pmr":null,"nb_voitures_electriques":null,"nb_velo":null,"nb_2r_el":null,"nb_autopartage":null,"nb_2_rm":null,"nb_covoit":null,"hauteur_max":"190","num_siret":"96950545200017","tarif_pmr":null,"tarif_1h":null,"tarif_2h":null,"tarif_3h":null,"tarif_4h":null,"tarif_24h":null,"abo_resident":210,"abo_non_resident":210,"type_ouvrage":null,"info":null,"info_temps_reel":false,"last_update":"2026-09-01T11:00:44.362+02:00"},"bbox":[4.84669834,45.76522066,4.84669834,45.76522066]},{"type":"Feature","id":"parkings-des-operateurs-de-stationnements-de-la-metropole-de-lyon.fid--61bf6ba1_1a074192531_7544","geometry":{"type":"Point","coordinates":[4.84875326,45.75514133]},"geometry_name":"the_geom","properties":{"gid":4,"id":"69123-P-019","nom":"Saxe Gambetta - Villeroy","gestionnaire":"LPA&CO","id_gestionnaire":"LPACO-0019","insee":"69123","adresse":"55 Rue Villeroy, 69003, Lyon","url":"https://www.lpa-and-co.fr/","type_usagers":"abonnés","gratuit":false,"nb_places":-1,"nb_pr":null,"nb_pmr":null,"nb_voitures_electriques":null,"nb_velo":null,"nb_2r_el":null,"nb_autopartage":null,"nb_2_rm":null,"nb_covoit":null,"hauteur_max":"200","num_siret":"96950545200017","tarif_pmr":null,"tarif_1h":null,"tarif_2h":null,"tarif_3h":null,"tarif_4h":null,"tarif_24h":null,"abo_resident":90,"abo_non_resident":90,"type_ouvrage":null,"info":null,"info_temps_reel":false,"last_update":"2026-09-01T11:00:44.362+02:00"},"bbox":[4.84875326,45.75514133,4.84875326,45.75514133]},{"type":"Feature","id":"parkings-des-operateurs-de-stationnements-de-la-metropole-de-lyon.fid--61bf6ba1_1a074192531_7545","geometry":{"type":"Point","coordinates":[4.828786,45.74933904]},"geometry_name":"the_geom","properties":{"gid":188,"id":"69123-P-133","nom":"LPA Perrache","gestionnaire":"LPA","id_gestionnaire":"LPA0706","insee":"69123","adresse":"37 Cr de Verdun Récamier, 69002, Lyon","url":"http://www.lpa.fr/se-garer-dans-un-parking/tous-les-parkings/perrache/#informations","type_usagers":"tous","gratuit":false,"nb_places":869,"nb_pr":null,"nb_pmr":10,"nb_voitures_electriques":4,"nb_velo":0,"nb_2r_el":null,"nb_autopartage":0,"nb_2_rm":30,"nb_covoit":null,"hauteur_max":"180","num_siret":"96950545200017","tarif_pmr":null,"tarif_1h":3.4,"tarif_2h":6.8,"tarif_3h":10.2,"tarif_4h":13.6,"tarif_24h":32,"abo_resident":122,"abo_non_resident":199,"type_ouvrage":"ouvrage","info":null,"info_temps_reel":true,"last_update":"2026-09-01T11:00:44.409+02:00"},"bbox":[4.828786,45.74933904,4.828786,45.74933904]},{"type":"Feature","id":"parkings-des-operateurs-de-stationnements-de-la-metropole-de-lyon.fid--61bf6ba1_1a074192531_7546","geometry":{"type":"Point","coordinates":[4.879724,45.73896274]},"geometry_name":"the_geom","properties":{"gid":25,"id":"69123-P-026","nom":"Grange Blanche - Longefer","gestionnaire":"LPA&CO","id_gestionnaire":"LPACO-0026","insee":"69123","adresse":"50 Rue Longefer, 69008, Lyon","url":"https://www.lpa-and-co.fr/","type_usagers":"abonnés","gratuit":false,"nb_places":-1,"nb_pr":null,"nb_pmr":null,"nb_voitures_electriques":null,"nb_velo":null,"nb_2r_el":null,"nb_autopartage":null,"nb_2_rm":null,"nb_covoit":null,"hauteur_max":"190","num_siret":"96950545200017","tarif_pmr":null,"tarif_1h":null,"tarif_2h":null,"tarif_3h":null,"tarif_4h":null,"tarif_24h":null,"abo_resident":85,"abo_non_resident":85,"type_ouvrage":null,"info":null,"info_temps_reel":false,"last_update":"2026-09-01T11:00:44.363+02:00"},"bbox":[4.879724,45.73896274,4.879724,45.73896274]},{"type":"Feature","id":"parkings-des-operateurs-de-stationnements-de-la-metropole-de-lyon.fid--61bf6ba1_1a074192531_7547","geometry":{"type":"Point","coordinates":[4.87346042,45.73180819]},"geometry_name":"the_geom","properties":{"gid":26,"id":"69123-P-012","nom":"Paul Santy - Beauvisage","gestionnaire":"LPA&CO","id_gestionnaire":"LPACO-0012","insee":"69123","adresse":"68 Avenue Paul Santy, 69008, Lyon","url":"https://www.lpa-and-co.fr/","type_usagers":"abonnés","gratuit":false,"nb_places":-1,"nb_pr":null,"nb_pmr":null,"nb_voitures_electriques":null,"nb_velo":null,"nb_2r_el":null,"nb_autopartage":null,"nb_2_rm":null,"nb_covoit":null,"hauteur_max":"200","num_siret":"96950545200017","tarif_pmr":null,"tarif_1h":null,"tarif_2h":null,"tarif_3h":null,"tarif_4h":null,"tarif_24h":null,"abo_resident":80,"abo_non_resident":80,"type_ouvrage":null,"info":null,"info_temps_reel":false,"last_update":"2026-09-01T11:00:44.363+02:00"},"bbox":[4.87346042,45.73180819,4.87346042,45.73180819]},{"type":"Feature","id":"parkings-des-operateurs-de-stationnements-de-la-metropole-de-lyon.fid--61bf6ba1_1a074192531_7548","geometry":{"type":"Point","coordinates":[4.83591654,45.73270045]},"geometry_name":"the_geom","properties":{"gid":27,"id":"69123-P-002","nom":"Debourg - Georges Gouy","gestionnaire":"LPA&CO","id_gestionnaire":"LPACO-0002","insee":"69123","adresse":"16 Rue Georges Gouy, 69007, Lyon","url":"https://www.lpa-and-co.fr/","type_usagers":"abonnés","gratuit":false,"nb_places":-1,"nb_pr":null,"nb_pmr":null,"nb_voitures_electriques":null,"nb_velo":null,"nb_2r_el":null,"nb_autopartage":null,"nb_2_rm":null,"nb_covoit":null,"hauteur_max":"155","num_siret":"96950545200017","tarif_pmr":null,"tarif_1h":null,"tarif_2h":null,"tarif_3h":null,"tarif_4h":null,"tarif_24h":null,"abo_resident":55,"abo_non_resident":55,"type_ouvrage":null,"info":null,"info_temps_reel":false,"last_update":"2026-09-01T11:00:44.363+02:00"},"bbox":[4.83591654,45.73270045,4.83591654,45.73270045]},{"type":"Feature","id":"parkings-des-operateurs-de-stationnements-de-la-metropole-de-lyon.fid--61bf6ba1_1a074192531_7549","geometry":{"type":"Point","coordinates":[4.83614823,45.73137815]},"geometry_name":"the_geom","properties":{"gid":28,"id":"69123-P-021","nom":"85 Debourg","gestionnaire":"LPA&CO","id_gestionnaire":"LPACO-0021","insee":"69123","adresse":"85 Avenue Debourg, 69007, Lyon","url":"https://www.lpa-and-co.fr/","type_usagers":"abonnés","gratuit":false,"nb_places":-1,"nb_pr":null,"nb_pmr":null,"nb_voitures_electriques":null,"nb_velo":null,"nb_2r_el":null,"nb_autopartage":null,"nb_2_rm":null,"nb_covoit":null,"hauteur_max":"180","num_siret":"96950545200017","tarif_pmr":null,"tarif_1h":null,"tarif_2h":null,"tarif_3h":null,"tarif_4h":null,"tarif_24h":null,"abo_resident":65,"abo_non_resident":65,"type_ouvrage":null,"info":null,"info_temps_reel":false,"last_update":"2026-09-01T11:00:44.363+02:00"},"bbox":[4.83614823,45.73137815,4.83614823,45.73137815]},{"type":"Feature","id":"parkings-des-operateurs-de-stationnements-de-la-metropole-de-lyon.fid--61bf6ba1_1a074192531_754a","geometry":{"type":"Point","coordinates":[4.82704861,45.73170393]},"geometry_name":"the_geom","properties":{"gid":29,"id":"69123-P-044","nom":"Halle Tony Garnier - Debourg","gestionnaire":"LPA&CO","id_gestionnaire":"LPACO-0044","insee":"69123","adresse":"5 Avenue Debourg, 69007, Lyon","url":"https://www.lpa-and-co.fr/","type_usagers":"abonnés","gratuit":false,"nb_places":-1,"nb_pr":null,"nb_pmr":null,"nb_voitures_electriques":null,"nb_velo":null,"nb_2r_el":null,"nb_autopartage":null,"nb_2_rm":null,"nb_covoit":null,"hauteur_max":"190","num_siret":"96950545200017","tarif_pmr":null,"tarif_1h":null,"tarif_2h":2,"tarif_3h":null,"tarif_4h":null,"tarif_24h":15,"abo_resident":92,"abo_non_resident":92,"type_ouvrage":null,"info":null,"info_temps_reel":false,"last_update":"2026-09-01T11:00:44.363+02:00"},"bbox":[4.82704861,45.73170393,4.82704861,45.73170393]},{"type":"Feature","id":"parkings-des-operateurs-de-stationnements-de-la-metropole-de-lyon.fid--61bf6ba1_1a074192531_754b","geometry":{"type":"Point","coordinates":[4.8296082,45.73656304]},"geometry_name":"the_geom","properties":{"gid":31,"id":"69123-P-023","nom":"Jean Jaurès - 169 Mérieux","gestionnaire":"LPA&CO","id_gestionnaire":"LPACO-0023","insee":"69123","adresse":"169 Rue Marcel Mérieux, 69007, Lyon","url":"https://www.lpa-and-co.fr/","type_usagers":"abonnés","gratuit":false,"nb_places":-1,"nb_pr":null,"nb_pmr":null,"nb_voitures_electriques":null,"nb_velo":null,"nb_2r_el":null,"nb_autopartage":null,"nb_2_rm":null,"nb_covoit":null,"hauteur_max":"190","num_siret":"96950545200017","tarif_pmr":null,"tarif_1h":null,"tarif_2h":null,"tarif_3h":null,"tarif_4h":null,"tarif_24h":null,"abo_resident":68,"abo_non_resident":68,"type_ouvrage":null,"info":null,"info_temps_reel":false,"last_update":"2026-09-01T11:00:44.363+02:00"},"bbox":[4.8296082,45.73656304,4.8296082,45.73656304]},{"type":"Feature","id":"parkings-des-operateurs-de-stationnements-de-la-metropole-de-lyon.fid--61bf6ba1_1a074192531_754c","geometry":{"type":"Point","coordinates":[4.84667,45.76525004]},"geometry_name":"the_geom","properties":{"gid":197,"id":"69123-P-109","nom":"LPA Vendôme","gestionnaire":"LPA","id_gestionnaire":"LPA0747","insee":"69123","adresse":"139 rue de Créqui, 69006, Lyon","url":"http://www.lpa.fr/se-garer-dans-un-parking/tous-les-parkings/vendome/#informations","type_usagers":"abonnés","gratuit":false,"nb_places":157,"nb_pr":null,"nb_pmr":5,"nb_voitures_electriques":0,"nb_velo":0,"nb_2r_el":null,"nb_autopartage":0,"nb_2_rm":18,"nb_covoit":null,"hauteur_max":"190","num_siret":"96950545200017","tarif_pmr":null,"tarif_1h":null,"tarif_2h":null,"tarif_3h":null,"tarif_4h":null,"tarif_24h":null,"abo_resident":179.5,"abo_non_resident":179.5,"type_ouvrage":"ouvrage","info":null,"info_temps_reel":false,"last_update":"2026-09-01T11:00:44.416+02:00"},"bbox":[4.84667,45.76525004,4.84667,45.76525004]},{"type":"Feature","id":"parkings-des-operateurs-de-stationnements-de-la-metropole-de-lyon.fid--61bf6ba1_1a074192531_754d","geometry":{"type":"Point","coordinates":[4.82935484,45.7721214]},"geometry_name":"the_geom","properties":{"gid":45,"id":"69123-P-036","nom":"Bon Pasteur","gestionnaire":"LPA&CO","id_gestionnaire":"LPACO-0036","insee":"69123","adresse":"26 Rue du Bon-Pasteur, 69001, Lyon","url":"https://www.lpa-and-co.fr/","type_usagers":"abonnés","gratuit":false,"nb_places":-1,"nb_pr":null,"nb_pmr":null,"nb_voitures_electriques":null,"nb_velo":null,"nb_2r_el":null,"nb_autopartage":null,"nb_2_rm":null,"nb_covoit":null,"hauteur_max":"190","num_siret":"96950545200017","tarif_pmr":null,"tarif_1h":null,"tarif_2h":null,"tarif_3h":null,"tarif_4h":null,"tarif_24h":null,"abo_resident":140,"abo_non_resident":140,"type_ouvrage":null,"info":null,"info_temps_reel":false,"last_update":"2026-09-01T11:00:44.364+02:00"},"bbox":[4.82935484,45.7721214,4.82935484,45.7721214]},{"type":"Feature","id":"parkings-des-operateurs-de-stationnements-de-la-metropole-de-lyon.fid--61bf6ba1_1a074192531_754e","geometry":{"type":"Point","coordinates":[4.84763773,45.74522015]},"geometry_name":"the_geom","properties":{"gid":46,"id":"69123-P-046","nom":"Jean Macé - Camille Roy","gestionnaire":"LPA&CO","id_gestionnaire":"LPACO-0046","insee":"69123","adresse":"36 Rue Camille Roy, 69007, Lyon","url":"https://www.lpa-and-co.fr/","type_usagers":"abonnés","gratuit":false,"nb_places":-1,"nb_pr":null,"nb_pmr":null,"nb_voitures_electriques":null,"nb_velo":null,"nb_2r_el":null,"nb_autopartage":null,"nb_2_rm":null,"nb_covoit":null,"hauteur_max":"185","num_siret":"96950545200017","tarif_pmr":null,"tarif_1h":null,"tarif_2h":null,"tarif_3h":null,"tarif_4h":null,"tarif_24h":null,"abo_resident":95,"abo_non_resident":95,"type_ouvrage":null,"info":null,"info_temps_reel":false,"last_update":"2026-09-01T11:00:44.364+02:00"},"bbox":[4.84763773,45.74522015,4.84763773,45.74522015]},{"type":"Feature","id":"parkings-des-operateurs-de-stationnements-de-la-metropole-de-lyon.fid--61bf6ba1_1a074192531_754f","geometry":{"type":"Point","coordinates":[4.8532545,45.73678874]},"geometry_name":"the_geom","properties":{"gid":47,"id":"69123-P-047","nom":"Route de Vienne - Fonlupt","gestionnaire":"LPA&CO","id_gestionnaire":"LPACO-0047","insee":"69123","adresse":"11 Rue Antoine Fonlupt, 69008, Lyon","url":"https://www.lpa-and-co.fr/","type_usagers":"abonnés","gratuit":false,"nb_places":-1,"nb_pr":null,"nb_pmr":null,"nb_voitures_electriques":null,"nb_velo":null,"nb_2r_el":null,"nb_autopartage":null,"nb_2_rm":null,"nb_covoit":null,"hauteur_max":"180","num_siret":"96950545200017","tarif_pmr":null,"tarif_1h":null,"tarif_2h":null,"tarif_3h":null,"tarif_4h":null,"tarif_24h":null,"abo_resident":70,"abo_non_resident":70,"type_ouvrage":null,"info":null,"info_temps_reel":false,"last_update":"2026-09-01T11:00:44.364+02:00"},"bbox":[4.8532545,45.73678874,4.8532545,45.73678874]},{"type":"Feature","id":"parkings-des-operateurs-de-stationnements-de-la-metropole-de-lyon.fid--61bf6ba1_1a074192531_7550","geometry":{"type":"Point","coordinates":[4.8295944,45.73224794]},"geometry_name":"the_geom","properties":{"gid":48,"id":"69123-P-049","nom":"Debourg - 194 Marcel Mérieux","gestionnaire":"LPA&CO","id_gestionnaire":"LPACO-0049","insee":"69123","adresse":"194 Rue Marcel Mérieux, 69007, Lyon","url":"https://www.lpa-and-co.fr/","type_usagers":"abonnés","gratuit":false,"nb_places":-1,"nb_pr":null,"nb_pmr":null,"nb_voitures_electriques":null,"nb_velo":null,"nb_2r_el":null,"nb_autopartage":null,"nb_2_rm":null,"nb_covoit":null,"hauteur_max":"195","num_siret":"96950545200017","tarif_pmr":null,"tarif_1h":null,"tarif_2h":null,"tarif_3h":null,"tarif_4h":null,"tarif_24h":null,"abo_resident":60,"abo_non_resident":60,"type_ouvrage":null,"info":null,"info_temps_reel":false,"last_update":"2026-09-01T11:00:44.364+02:00"},"bbox":[4.8295944,45.73224794,4.8295944,45.73224794]},{"type":"Feature","id":"parkings-des-operateurs-de-stationnements-de-la-metropole-de-lyon.fid--61bf6ba1_1a074192531_7551","geometry":{"type":"Point","coordinates":[4.84870628,45.76354117]},"geometry_name":"the_geom","properties":{"gid":49,"id":"69123-P-048","nom":"Lafayette - Les Halles","gestionnaire":"LPA&CO","id_gestionnaire":"LPACO-0048","insee":"69123","adresse":"92 Cours Lafayette, 69003, Lyon","url":"https://www.lpa-and-co.fr/","type_usagers":"abonnés","gratuit":false,"nb_places":-1,"nb_pr":null,"nb_pmr":null,"nb_voitures_electriques":null,"nb_velo":null,"nb_2r_el":null,"nb_autopartage":null,"nb_2_rm":null,"nb_covoit":null,"hauteur_max":"200","num_siret":"96950545200017","tarif_pmr":null,"tarif_1h":null,"tarif_2h":null,"tarif_3h":null,"tarif_4h":null,"tarif_24h":null,"abo_resident":140,"abo_non_resident":140,"type_ouvrage":null,"info":null,"info_temps_reel":false,"last_update":"2026-09-01T11:00:44.364+02:00"},"bbox":[4.84870628,45.76354117,4.84870628,45.76354117]},{"type":"Feature","id":"parkings-des-operateurs-de-stationnements-de-la-metropole-de-lyon.fid--61bf6ba1_1a074192531_7552","geometry":{"type":"Point","coordinates":[4.84013594,45.79428649]},"geometry_name":"the_geom","properties":{"gid":50,"id":"69034-P-001","nom":"Caluire - Stade Pierre Bourdan","gestionnaire":"LPA&CO","id_gestionnaire":"LPACO-0050","insee":"69034","adresse":"32 Rue François Peissel, 69300, Caluire-et-Cuire","url":"https://www.lpa-and-co.fr/","type_usagers":"abonnés","gratuit":false,"nb_places":-1,"nb_pr":null,"nb_pmr":null,"nb_voitures_electriques":null,"nb_velo":null,"nb_2r_el":null,"nb_autopartage":null,"nb_2_rm":null,"nb_covoit":null,"hauteur_max":"185","num_siret":"96950545200017","tarif_pmr":null,"tarif_1h":null,"tarif_2h":null,"tarif_3h":null,"tarif_4h":null,"tarif_24h":null,"abo_resident":95,"abo_non_resident":95,"type_ouvrage":null,"info":null,"info_temps_reel":false,"last_update":"2026-09-01T11:00:44.364+02:00"},"bbox":[4.84013594,45.79428649,4.84013594,45.79428649]},{"type":"Feature","id":"parkings-des-operateurs-de-stationnements-de-la-metropole-de-lyon.fid--61bf6ba1_1a074192531_7553","geometry":{"type":"Point","coordinates":[4.7694769,45.75323004]},"geometry_name":"the_geom","properties":{"gid":51,"id":"69244-P-001","nom":"Tassin - avenue Charles de Gaulle","gestionnaire":"LPA&CO","id_gestionnaire":"LPACO-0051","insee":"69244","adresse":"223B Av. Charles de Gaulle, 69160, Tassin-la-Demi-Lune","url":"https://www.lpa-and-co.fr/","type_usagers":"abonnés","gratuit":false,"nb_places":-1,"nb_pr":null,"nb_pmr":null,"nb_voitures_electriques":null,"nb_velo":null,"nb_2r_el":null,"nb_autopartage":null,"nb_2_rm":null,"nb_covoit":null,"hauteur_max":"220","num_siret":"96950545200017","tarif_pmr":null,"tarif_1h":null,"tarif_2h":null,"tarif_3h":null,"tarif_4h":null,"tarif_24h":null,"abo_resident":73,"abo_non_resident":73,"type_ouvrage":null,"info":null,"info_temps_reel":false,"last_update":"2026-09-01T11:00:44.364+02:00"},"bbox":[4.7694769,45.75323004,4.7694769,45.75323004]},{"type":"Feature","id":"parkings-des-operateurs-de-stationnements-de-la-metropole-de-lyon.fid--61bf6ba1_1a074192531_7554","geometry":{"type":"Point","coordinates":[4.97084495,45.77212731]},"geometry_name":"the_geom","properties":{"gid":52,"id":"69275-P-003","nom":"Décines - 325 avenue Jean Jaurès","gestionnaire":"LPA&CO","id_gestionnaire":"LPACO-0135","insee":"69275","adresse":"325 Avenue Jean Jaurès, 69150, Décines-Charpieu","url":"https://www.lpa-and-co.fr/","type_usagers":"abonnés","gratuit":false,"nb_places":-1,"nb_pr":null,"nb_pmr":null,"nb_voitures_electriques":null,"nb_velo":null,"nb_2r_el":null,"nb_autopartage":null,"nb_2_rm":null,"nb_covoit":null,"hauteur_max":"190","num_siret":"96950545200017","tarif_pmr":null,"tarif_1h":null,"tarif_2h":null,"tarif_3h":null,"tarif_4h":null,"tarif_24h":null,"abo_resident":75,"abo_non_resident":75,"type_ouvrage":null,"info":null,"info_temps_reel":false,"last_update":"2026-09-01T11:00:44.364+02:00"},"bbox":[4.97084495,45.77212731,4.97084495,45.77212731]},{"type":"Feature","id":"parkings-des-operateurs-de-stationnements-de-la-metropole-de-lyon.fid--61bf6ba1_1a074192531_7555","geometry":{"type":"Point","coordinates":[4.83194631,45.76432568]},"geometry_name":"the_geom","properties":{"gid":237,"id":"69123-P-153","nom":"LPA Saint Antoine","gestionnaire":"LPA","id_gestionnaire":"LPA0701","insee":"69123","adresse":"2 quai Saint-Antoine , 69002, Lyon","url":"http://www.lpa.fr/se-garer-dans-un-parking/tous-les-parkings/st-antoine/#informations","type_usagers":"tous","gratuit":false,"nb_places":787,"nb_pr":null,"nb_pmr":11,"nb_voitures_electriques":21,"nb_velo":200,"nb_2r_el":null,"nb_autopartage":4,"nb_2_rm":21,"nb_covoit":null,"hauteur_max":"205","num_siret":null,"tarif_pmr":null,"tarif_1h":3.4,"tarif_2h":6.8,"tarif_3h":10.2,"tarif_4h":13.6,"tarif_24h":52.8,"abo_resident":133,"abo_non_resident":232,"type_ouvrage":"enclos_en_surface","info":null,"info_temps_reel":false,"last_update":"2026-09-01T11:00:44.415+02:00"},"bbox":[4.83194631,45.76432568,4.83194631,45.76432568]},{"type":"Feature","id":"parkings-des-operateurs-de-stationnements-de-la-metropole-de-lyon.fid--61bf6ba1_1a074192531_7556","geometry":{"type":"Point","coordinates":[4.99055997,45.76209754]},"geometry_name":"the_geom","properties":{"gid":53,"id":"69282-P-001","nom":"Meyzieu - boulevard Pierre Mendès France","gestionnaire":"LPA&CO","id_gestionnaire":"LPACO-0052","insee":"69282","adresse":"18 Boulevard Pierre Mendès France, 69330, Meyzieu","url":"https://www.lpa-and-co.fr/","type_usagers":"abonnés","gratuit":false,"nb_places":-1,"nb_pr":null,"nb_pmr":null,"nb_voitures_electriques":null,"nb_velo":null,"nb_2r_el":null,"nb_autopartage":null,"nb_2_rm":null,"nb_covoit":null,"hauteur_max":"190","num_siret":"96950545200017","tarif_pmr":null,"tarif_1h":null,"tarif_2h":null,"tarif_3h":null,"tarif_4h":null,"tarif_24h":null,"abo_resident":60,"abo_non_resident":60,"type_ouvrage":null,"info":null,"info_temps_reel":false,"last_update":"2026-09-01T11:00:44.364+02:00"},"bbox":[4.99055997,45.76209754,4.99055997,45.76209754]},{"type":"Feature","id":"parkings-des-operateurs-de-stationnements-de-la-metropole-de-lyon.fid--61bf6ba1_1a074192531_7557","geometry":{"type":"Point","coordinates":[4.807226,45.76315204]},"geometry_name":"the_geom","properties":{"gid":110,"id":"69123-P-072","nom":"Gorge de Loup - Pierre Audry","gestionnaire":"LPA&CO","id_gestionnaire":"LPACO-0111","insee":"69123","adresse":"64 Rue Pierre Audry, 69009, Lyon","url":"https://www.lpa-and-co.fr/","type_usagers":"abonnés","gratuit":false,"nb_places":-1,"nb_pr":null,"nb_pmr":null,"nb_voitures_electriques":null,"nb_velo":null,"nb_2r_el":null,"nb_autopartage":null,"nb_2_rm":null,"nb_covoit":null,"hauteur_max":"195","num_siret":"96950545200017","tarif_pmr":null,"tarif_1h":null,"tarif_2h":null,"tarif_3h":null,"tarif_4h":null,"tarif_24h":null,"abo_resident":75,"abo_non_resident":75,"type_ouvrage":null,"info":null,"info_temps_reel":false,"last_update":"2026-09-01T11:00:44.364+02:00"},"bbox":[4.807226,45.76315204,4.807226,45.76315204]},{"type":"Feature","id":"parkings-des-operateurs-de-stationnements-de-la-metropole-de-lyon.fid--61bf6ba1_1a074192531_7558","geometry":{"type":"Point","coordinates":[4.79428974,45.64940359]},"geometry_name":"the_geom","properties":{"gid":111,"id":"69046-P-001","nom":"Charly - place de la Mairie","gestionnaire":"LPA&CO","id_gestionnaire":"LPACO-0103","insee":"69046","adresse":"67 Place de la Mairie, 69390, Charly","url":"https://www.lpa-and-co.fr/","type_usagers":"abonnés","gratuit":false,"nb_places":-1,"nb_pr":null,"nb_pmr":null,"nb_voitures_electriques":null,"nb_velo":null,"nb_2r_el":null,"nb_autopartage":null,"nb_2_rm":null,"nb_covoit":null,"hauteur_max":"250","num_siret":"96950545200017","tarif_pmr":null,"tarif_1h":null,"tarif_2h":null,"tarif_3h":null,"tarif_4h":null,"tarif_24h":null,"abo_resident":22,"abo_non_resident":22,"type_ouvrage":null,"info":null,"info_temps_reel":false,"last_update":"2026-09-01T11:00:44.364+02:00"},"bbox":[4.79428974,45.64940359,4.79428974,45.64940359]},{"type":"Feature","id":"parkings-des-operateurs-de-stationnements-de-la-metropole-de-lyon.fid--61bf6ba1_1a074192531_7559","geometry":{"type":"Point","coordinates":[4.88142173,45.70118239]},"geometry_name":"the_geom","properties":{"gid":112,"id":"69259-P-005","nom":"Vénissieux - Marcel Paul","gestionnaire":"LPA&CO","id_gestionnaire":"LPACO-0104","insee":"69259","adresse":"1 Avenue Marcel Paul, 69200, Vénissieux","url":"https://www.lpa-and-co.fr/","type_usagers":"abonnés","gratuit":false,"nb_places":-1,"nb_pr":null,"nb_pmr":null,"nb_voitures_electriques":null,"nb_velo":null,"nb_2r_el":null,"nb_autopartage":null,"nb_2_rm":null,"nb_covoit":null,"hauteur_max":"190","num_siret":"96950545200017","tarif_pmr":null,"tarif_1h":null,"tarif_2h":null,"tarif_3h":null,"tarif_4h":null,"tarif_24h":null,"abo_resident":80,"abo_non_resident":80,"type_ouvrage":null,"info":null,"info_temps_reel":false,"last_update":"2026-09-01T11:00:44.364+02:00"},"bbox":[4.88142173,45.70118239,4.88142173,45.70118239]},{"type":"Feature","id":"parkings-des-operateurs-de-stationnements-de-la-metropole-de-lyon.fid--61bf6ba1_1a074192531_755a","geometry":{"type":"Point","coordinates":[4.83645283,45.74619069]},"geometry_name":"the_geom","properties":{"gid":115,"id":"69123-P-081","nom":"Lyon 7 - Berthelot","gestionnaire":"LPA&CO","id_gestionnaire":"LPACO-0123","insee":"69123","adresse":"99 Rue de Marseille, 69007, Lyon","url":"https://www.lpa-and-co.fr/","type_usagers":"abonnés","gratuit":false,"nb_places":-1,"nb_pr":null,"nb_pmr":null,"nb_voitures_electriques":null,"nb_velo":null,"nb_2r_el":null,"nb_autopartage":null,"nb_2_rm":null,"nb_covoit":null,"hauteur_max":"190","num_siret":"96950545200017","tarif_pmr":null,"tarif_1h":null,"tarif_2h":null,"tarif_3h":null,"tarif_4h":null,"tarif_24h":null,"abo_resident":134,"abo_non_resident":134,"type_ouvrage":null,"info":null,"info_temps_reel":false,"last_update":"2026-09-01T11:00:44.364+02:00"},"bbox":[4.83645283,45.74619069,4.83645283,45.74619069]},{"type":"Feature","id":"parkings-des-operateurs-de-stationnements-de-la-metropole-de-lyon.fid--61bf6ba1_1a074192531_755b","geometry":{"type":"Point","coordinates":[4.84849613,45.72852248]},"geometry_name":"the_geom","properties":{"gid":116,"id":"69123-P-073","nom":"128 rue Challemel-Lacour","gestionnaire":"LPA&CO","id_gestionnaire":"LPACO-0112","insee":"69123","adresse":"128 Rue Challemel-Lacour, 69008, Lyon","url":"https://www.lpa-and-co.fr/","type_usagers":"abonnés","gratuit":false,"nb_places":-1,"nb_pr":null,"nb_pmr":null,"nb_voitures_electriques":null,"nb_velo":null,"nb_2r_el":null,"nb_autopartage":null,"nb_2_rm":null,"nb_covoit":null,"hauteur_max":"195","num_siret":"96950545200017","tarif_pmr":null,"tarif_1h":null,"tarif_2h":null,"tarif_3h":null,"tarif_4h":null,"tarif_24h":null,"abo_resident":70,"abo_non_resident":70,"type_ouvrage":null,"info":null,"info_temps_reel":false,"last_update":"2026-09-01T11:00:44.365+02:00"},"bbox":[4.84849613,45.72852248,4.84849613,45.72852248]},{"type":"Feature","id":"parkings-des-operateurs-de-stationnements-de-la-metropole-de-lyon.fid--61bf6ba1_1a074192531_755c","geometry":{"type":"Point","coordinates":[4.831583,45.72788804]},"geometry_name":"the_geom","properties":{"gid":263,"id":"69123-P-164","nom":"Jean Jaurès","gestionnaire":"LPA","id_gestionnaire":"LPA0774","insee":"69123","adresse":"317 avenue Jean Jaurès , 69007, Lyon","url":"https://parking.lpa.fr/parkings/jean-jaures/","type_usagers":"tous","gratuit":false,"nb_places":273,"nb_pr":null,"nb_pmr":0,"nb_voitures_electriques":0,"nb_velo":0,"nb_2r_el":null,"nb_autopartage":0,"nb_2_rm":0,"nb_covoit":null,"hauteur_max":"200","num_siret":null,"tarif_pmr":null,"tarif_1h":2,"tarif_2h":4,"tarif_3h":6,"tarif_4h":8,"tarif_24h":10,"abo_resident":60,"abo_non_resident":60,"type_ouvrage":"enclos_en_surface","info":null,"info_temps_reel":false,"last_update":"2026-09-01T11:00:44.415+02:00"},"bbox":[4.831583,45.72788804,4.831583,45.72788804]},{"type":"Feature","id":"parkings-des-operateurs-de-stationnements-de-la-metropole-de-lyon.fid--61bf6ba1_1a074192531_755d","geometry":{"type":"Point","coordinates":[4.851647,45.78461404]},"geometry_name":"the_geom","properties":{"gid":196,"id":"69123-P-108","nom":"LPA Parc minute Cité Internationale","gestionnaire":"LPA","id_gestionnaire":"LPA0757","insee":"69123","adresse":"81 quai Charles de Gaulle, 69006, Lyon","url":null,"type_usagers":"tous","gratuit":false,"nb_places":15,"nb_pr":null,"nb_pmr":0,"nb_voitures_electriques":0,"nb_velo":0,"nb_2r_el":null,"nb_autopartage":0,"nb_2_rm":0,"nb_covoit":null,"hauteur_max":"190","num_siret":"96950545200017","tarif_pmr":null,"tarif_1h":3.6,"tarif_2h":7.2,"tarif_3h":10.8,"tarif_4h":14.4,"tarif_24h":634.5,"abo_resident":null,"abo_non_resident":null,"type_ouvrage":"enclos_en_surface","info":null,"info_temps_reel":false,"last_update":"2026-09-01T11:00:44.415+02:00"},"bbox":[4.851647,45.78461404,4.851647,45.78461404]},{"type":"Feature","id":"parkings-des-operateurs-de-stationnements-de-la-metropole-de-lyon.fid--61bf6ba1_1a074192531_755e","geometry":{"type":"Point","coordinates":[4.828487,45.76057604]},"geometry_name":"the_geom","properties":{"gid":238,"id":"69123-P-154","nom":"LPA Saint Jean","gestionnaire":"LPA","id_gestionnaire":"LPA0709","insee":"69123","adresse":"25 quai Romain Rolland, 69005, Lyon","url":"http://www.lpa.fr/se-garer-dans-un-parking/tous-les-parkings/st-jean/#informations","type_usagers":"tous","gratuit":false,"nb_places":872,"nb_pr":null,"nb_pmr":11,"nb_voitures_electriques":0,"nb_velo":32,"nb_2r_el":null,"nb_autopartage":5,"nb_2_rm":72,"nb_covoit":null,"hauteur_max":"180","num_siret":null,"tarif_pmr":null,"tarif_1h":3.4,"tarif_2h":6.8,"tarif_3h":10.2,"tarif_4h":13.6,"tarif_24h":52.8,"abo_resident":122,"abo_non_resident":167,"type_ouvrage":"enclos_en_surface","info":null,"info_temps_reel":false,"last_update":"2026-09-01T11:00:44.415+02:00"},"bbox":[4.828487,45.76057604,4.828487,45.76057604]},{"type":"Feature","id":"parkings-des-operateurs-de-stationnements-de-la-metropole-de-lyon.fid--61bf6ba1_1a074192531_755f","geometry":{"type":"Point","coordinates":[4.89159329,45.76016094]},"geometry_name":"the_geom","properties":{"gid":130,"id":"69266-P-011","nom":"Villeurbanne - rue du Docteur Frappaz","gestionnaire":"LPA&CO","id_gestionnaire":"LPACO-0151","insee":"69266","adresse":"13 Rue Dr Frappaz, 69100, Villeurbanne","url":"https://www.lpa-and-co.fr/","type_usagers":"abonnés","gratuit":false,"nb_places":-1,"nb_pr":null,"nb_pmr":null,"nb_voitures_electriques":null,"nb_velo":null,"nb_2r_el":null,"nb_autopartage":null,"nb_2_rm":null,"nb_covoit":null,"hauteur_max":"195","num_siret":"96950545200017","tarif_pmr":null,"tarif_1h":null,"tarif_2h":null,"tarif_3h":null,"tarif_4h":null,"tarif_24h":null,"abo_resident":65,"abo_non_resident":65,"type_ouvrage":null,"info":null,"info_temps_reel":false,"last_update":"2026-09-01T11:00:44.365+02:00"},"bbox":[4.89159329,45.76016094,4.89159329,45.76016094]},{"type":"Feature","id":"parkings-des-operateurs-de-stationnements-de-la-metropole-de-lyon.fid--61bf6ba1_1a074192531_7560","geometry":{"type":"Point","coordinates":[4.8896214,45.76904604]},"geometry_name":"the_geom","properties":{"gid":131,"id":"69266-P-012","nom":"Villeurbanne - rue Flachet","gestionnaire":"LPA&CO","id_gestionnaire":"LPACO-0149","insee":"69266","adresse":"30 Rue Flachet, 69100, Villeurbanne","url":"https://www.lpa-and-co.fr/","type_usagers":"abonnés","gratuit":false,"nb_places":-1,"nb_pr":null,"nb_pmr":null,"nb_voitures_electriques":null,"nb_velo":null,"nb_2r_el":null,"nb_autopartage":null,"nb_2_rm":null,"nb_covoit":null,"hauteur_max":"190","num_siret":"96950545200017","tarif_pmr":null,"tarif_1h":null,"tarif_2h":null,"tarif_3h":null,"tarif_4h":null,"tarif_24h":null,"abo_resident":80,"abo_non_resident":80,"type_ouvrage":null,"info":null,"info_temps_reel":false,"last_update":"2026-09-01T11:00:44.365+02:00"},"bbox":[4.8896214,45.76904604,4.8896214,45.76904604]},{"type":"Feature","id":"parkings-des-operateurs-de-stationnements-de-la-metropole-de-lyon.fid--61bf6ba1_1a074192531_7561","geometry":{"type":"Point","coordinates":[4.88903219,45.7816681]},"geometry_name":"the_geom","properties":{"gid":132,"id":"69266-P-013","nom":"Villeurbanne - 202 avenue Roger Salengro","gestionnaire":"LPA&CO","id_gestionnaire":"LPACO-0148","insee":"69266","adresse":"202 Avenue Roger Salengro, 69100, Villeurbanne","url":"https://www.lpa-and-co.fr/","type_usagers":"abonnés","gratuit":false,"nb_places":-1,"nb_pr":null,"nb_pmr":null,"nb_voitures_electriques":null,"nb_velo":null,"nb_2r_el":null,"nb_autopartage":null,"nb_2_rm":null,"nb_covoit":null,"hauteur_max":"185","num_siret":"96950545200017","tarif_pmr":null,"tarif_1h":null,"tarif_2h":null,"tarif_3h":null,"tarif_4h":null,"tarif_24h":null,"abo_resident":77,"abo_non_resident":77,"type_ouvrage":null,"info":null,"info_temps_reel":false,"last_update":"2026-09-01T11:00:44.365+02:00"},"bbox":[4.88903219,45.7816681,4.88903219,45.7816681]},{"type":"Feature","id":"parkings-des-operateurs-de-stationnements-de-la-metropole-de-lyon.fid--61bf6ba1_1a074192531_7562","geometry":{"type":"Point","coordinates":[4.88213868,45.77886085]},"geometry_name":"the_geom","properties":{"gid":133,"id":"69266-P-014","nom":"Villeurbanne - rue Henri","gestionnaire":"LPA&CO","id_gestionnaire":"LPACO-0147","insee":"69266","adresse":"5 Rue Henri, 69100, Villeurbanne","url":"https://www.lpa-and-co.fr/","type_usagers":"abonnés","gratuit":false,"nb_places":-1,"nb_pr":null,"nb_pmr":null,"nb_voitures_electriques":null,"nb_velo":null,"nb_2r_el":null,"nb_autopartage":null,"nb_2_rm":null,"nb_covoit":null,"hauteur_max":"195","num_siret":"96950545200017","tarif_pmr":null,"tarif_1h":null,"tarif_2h":null,"tarif_3h":null,"tarif_4h":null,"tarif_24h":null,"abo_resident":50,"abo_non_resident":50,"type_ouvrage":null,"info":null,"info_temps_reel":false,"last_update":"2026-09-01T11:00:44.365+02:00"},"bbox":[4.88213868,45.77886085,4.88213868,45.77886085]},{"type":"Feature","id":"parkings-des-operateurs-de-stationnements-de-la-metropole-de-lyon.fid--61bf6ba1_1a074192531_7563","geometry":{"type":"Point","coordinates":[4.8788859,45.77889994]},"geometry_name":"the_geom","properties":{"gid":134,"id":"69266-P-015","nom":"Villeurbanne - rue Georges Courteline","gestionnaire":"LPA&CO","id_gestionnaire":"LPACO-0146","insee":"69266","adresse":"40 Rue Georges Courteline, 69100, Villeurbanne","url":"https://www.lpa-and-co.fr/","type_usagers":"abonnés","gratuit":false,"nb_places":-1,"nb_pr":null,"nb_pmr":null,"nb_voitures_electriques":null,"nb_velo":null,"nb_2r_el":null,"nb_autopartage":null,"nb_2_rm":null,"nb_covoit":null,"hauteur_max":"200","num_siret":"96950545200017","tarif_pmr":null,"tarif_1h":null,"tarif_2h":null,"tarif_3h":null,"tarif_4h":null,"tarif_24h":null,"abo_resident":45,"abo_non_resident":45,"type_ouvrage":null,"info":null,"info_temps_reel":false,"last_update":"2026-09-01T11:00:44.365+02:00"},"bbox":[4.8788859,45.77889994,4.8788859,45.77889994]},{"type":"Feature","id":"parkings-des-operateurs-de-stationnements-de-la-metropole-de-lyon.fid--61bf6ba1_1a074192531_7564","geometry":{"type":"Point","coordinates":[4.8649024,45.77855514]},"geometry_name":"the_geom","properties":{"gid":135,"id":"69266-P-016","nom":"Villeurbanne - rue du Tonkin","gestionnaire":"LPA&CO","id_gestionnaire":"LPACO-0145","insee":"69266","adresse":"4 Rue du Tonkin, 69100, Villeurbanne","url":"https://www.lpa-and-co.fr/","type_usagers":"abonnés","gratuit":false,"nb_places":-1,"nb_pr":null,"nb_pmr":null,"nb_voitures_electriques":null,"nb_velo":null,"nb_2r_el":null,"nb_autopartage":null,"nb_2_rm":null,"nb_covoit":null,"hauteur_max":"190","num_siret":"96950545200017","tarif_pmr":null,"tarif_1h":null,"tarif_2h":null,"tarif_3h":null,"tarif_4h":null,"tarif_24h":null,"abo_resident":40,"abo_non_resident":40,"type_ouvrage":null,"info":null,"info_temps_reel":false,"last_update":"2026-09-01T11:00:44.365+02:00"},"bbox":[4.8649024,45.77855514,4.8649024,45.77855514]},{"type":"Feature","id":"parkings-des-operateurs-de-stationnements-de-la-metropole-de-lyon.fid--61bf6ba1_1a074192531_7565","geometry":{"type":"Point","coordinates":[4.82138,45.75723004]},"geometry_name":"the_geom","properties":{"gid":194,"id":"69123-P-103","nom":"LPA Saint Just","gestionnaire":"LPA","id_gestionnaire":"LPA0745","insee":"69123","adresse":"23 rue des Farges, 69005, Lyon","url":"http://www.lpa.fr/se-garer-dans-un-parking/tous-les-parkings/st-just/#informations","type_usagers":"abonnés","gratuit":false,"nb_places":63,"nb_pr":null,"nb_pmr":0,"nb_voitures_electriques":0,"nb_velo":0,"nb_2r_el":null,"nb_autopartage":0,"nb_2_rm":4,"nb_covoit":null,"hauteur_max":"190","num_siret":"96950545200017","tarif_pmr":null,"tarif_1h":null,"tarif_2h":null,"tarif_3h":null,"tarif_4h":null,"tarif_24h":null,"abo_resident":117,"abo_non_resident":117,"type_ouvrage":"ouvrage","info":null,"info_temps_reel":false,"last_update":"2026-09-01T11:00:44.415+02:00"},"bbox":[4.82138,45.75723004,4.82138,45.75723004]},{"type":"Feature","id":"parkings-des-operateurs-de-stationnements-de-la-metropole-de-lyon.fid--61bf6ba1_1a074192531_7566","geometry":{"type":"Point","coordinates":[4.832605,45.77085704]},"geometry_name":"the_geom","properties":{"gid":192,"id":"69123-P-084","nom":"LPA Tables Claudiennes","gestionnaire":"LPA","id_gestionnaire":"LPA0762","insee":"69123","adresse":"14 rue des Tables Claudiennes, 69001, Lyon","url":"http://www.lpa.fr/se-garer-dans-un-parking/tous-les-parkings/tables-claudiennes/#informations","type_usagers":"abonnés","gratuit":false,"nb_places":90,"nb_pr":null,"nb_pmr":6,"nb_voitures_electriques":0,"nb_velo":100,"nb_2r_el":null,"nb_autopartage":0,"nb_2_rm":12,"nb_covoit":null,"hauteur_max":"190","num_siret":"96950545200017","tarif_pmr":null,"tarif_1h":null,"tarif_2h":null,"tarif_3h":null,"tarif_4h":null,"tarif_24h":null,"abo_resident":166,"abo_non_resident":166,"type_ouvrage":"ouvrage","info":null,"info_temps_reel":false,"last_update":"2026-09-01T11:00:44.415+02:00"},"bbox":[4.832605,45.77085704,4.832605,45.77085704]},{"type":"Feature","id":"parkings-des-operateurs-de-stationnements-de-la-metropole-de-lyon.fid--61bf6ba1_1a074192531_7567","geometry":{"type":"Point","coordinates":[4.9445271,45.76922804]},"geometry_name":"the_geom","properties":{"gid":136,"id":"69275-P-004","nom":"Décines Charpieu - rue Nansen","gestionnaire":"LPA&CO","id_gestionnaire":"LPACO-0144","insee":"69275","adresse":"1 Rue Nansen, 69150, Décines-Charpieu","url":"https://www.lpa-and-co.fr/","type_usagers":"abonnés","gratuit":false,"nb_places":-1,"nb_pr":null,"nb_pmr":null,"nb_voitures_electriques":null,"nb_velo":null,"nb_2r_el":null,"nb_autopartage":null,"nb_2_rm":null,"nb_covoit":null,"hauteur_max":"200","num_siret":"96950545200017","tarif_pmr":null,"tarif_1h":null,"tarif_2h":null,"tarif_3h":null,"tarif_4h":null,"tarif_24h":null,"abo_resident":46,"abo_non_resident":46,"type_ouvrage":null,"info":null,"info_temps_reel":false,"last_update":"2026-09-01T11:00:44.365+02:00"},"bbox":[4.9445271,45.76922804,4.9445271,45.76922804]},{"type":"Feature","id":"parkings-des-operateurs-de-stationnements-de-la-metropole-de-lyon.fid--61bf6ba1_1a074192531_7568","geometry":{"type":"Point","coordinates":[4.9190352,45.77539614]},"geometry_name":"the_geom","properties":{"gid":137,"id":"69256-P-005","nom":"Vaulx en Velin - avenue Pablo Picasso","gestionnaire":"LPA&CO","id_gestionnaire":"LPACO-0160","insee":"69256","adresse":"6 Rue Angela Davis, 69120, Vaulx-en-Velin","url":"https://www.lpa-and-co.fr/","type_usagers":"abonnés","gratuit":false,"nb_places":-1,"nb_pr":null,"nb_pmr":null,"nb_voitures_electriques":null,"nb_velo":null,"nb_2r_el":null,"nb_autopartage":null,"nb_2_rm":null,"nb_covoit":null,"hauteur_max":"200","num_siret":"96950545200017","tarif_pmr":null,"tarif_1h":null,"tarif_2h":null,"tarif_3h":null,"tarif_4h":null,"tarif_24h":null,"abo_resident":58,"abo_non_resident":58,"type_ouvrage":null,"info":null,"info_temps_reel":false,"last_update":"2026-09-01T11:00:44.365+02:00"},"bbox":[4.9190352,45.77539614,4.9190352,45.77539614]},{"type":"Feature","id":"parkings-des-operateurs-de-stationnements-de-la-metropole-de-lyon.fid--61bf6ba1_1a074192531_7569","geometry":{"type":"Point","coordinates":[4.91634602,45.7775715]},"geometry_name":"the_geom","properties":{"gid":138,"id":"69256-P-003","nom":"Vaulx en Velin - rue du Méboud","gestionnaire":"LPA&CO","id_gestionnaire":"LPACO-0140","insee":"69256","adresse":"6 Rue du Méboud, 69120, Vaulx-en-Velin","url":"https://www.lpa-and-co.fr/","type_usagers":"abonnés","gratuit":false,"nb_places":-1,"nb_pr":null,"nb_pmr":null,"nb_voitures_electriques":null,"nb_velo":null,"nb_2r_el":null,"nb_autopartage":null,"nb_2_rm":null,"nb_covoit":null,"hauteur_max":"190","num_siret":"96950545200017","tarif_pmr":null,"tarif_1h":null,"tarif_2h":null,"tarif_3h":null,"tarif_4h":null,"tarif_24h":null,"abo_resident":60,"abo_non_resident":60,"type_ouvrage":null,"info":null,"info_temps_reel":false,"last_update":"2026-09-01T11:00:44.365+02:00"},"bbox":[4.91634602,45.7775715,4.91634602,45.7775715]},{"type":"Feature","id":"parkings-des-operateurs-de-stationnements-de-la-metropole-de-lyon.fid--61bf6ba1_1a074192531_756a","geometry":{"type":"Point","coordinates":[4.9241546,45.75983164]},"geometry_name":"the_geom","properties":{"gid":139,"id":"69256-P-002","nom":"Vaulx en Velin La Soie - rue Maurice Moissonnier","gestionnaire":"LPA&CO","id_gestionnaire":"LPACO-0139","insee":"69256","adresse":"10 Rue Maurice Moissonnier, 69120, Vaulx-en-Velin","url":"https://www.lpa-and-co.fr/","type_usagers":"abonnés","gratuit":false,"nb_places":-1,"nb_pr":null,"nb_pmr":null,"nb_voitures_electriques":null,"nb_velo":null,"nb_2r_el":null,"nb_autopartage":null,"nb_2_rm":null,"nb_covoit":null,"hauteur_max":"200","num_siret":"96950545200017","tarif_pmr":null,"tarif_1h":null,"tarif_2h":null,"tarif_3h":null,"tarif_4h":null,"tarif_24h":null,"abo_resident":73,"abo_non_resident":73,"type_ouvrage":null,"info":null,"info_temps_reel":false,"last_update":"2026-09-01T11:00:44.365+02:00"},"bbox":[4.9241546,45.75983164,4.9241546,45.75983164]},{"type":"Feature","id":"parkings-des-operateurs-de-stationnements-de-la-metropole-de-lyon.fid--61bf6ba1_1a074192531_756b","geometry":{"type":"Point","coordinates":[4.8432405,45.76189718]},"geometry_name":"the_geom","properties":{"gid":141,"id":"69123-P-121","nom":"Molière - Préfecture","gestionnaire":"LPA&CO","id_gestionnaire":"LPACO-0158","insee":"69123","adresse":"78 Rue Molière, 69003, Lyon","url":"https://www.lpa-and-co.fr/","type_usagers":"abonnés","gratuit":false,"nb_places":-1,"nb_pr":null,"nb_pmr":null,"nb_voitures_electriques":null,"nb_velo":null,"nb_2r_el":null,"nb_autopartage":null,"nb_2_rm":null,"nb_covoit":null,"hauteur_max":"190","num_siret":"96950545200017","tarif_pmr":null,"tarif_1h":null,"tarif_2h":null,"tarif_3h":null,"tarif_4h":null,"tarif_24h":null,"abo_resident":130,"abo_non_resident":130,"type_ouvrage":null,"info":null,"info_temps_reel":false,"last_update":"2026-09-01T11:00:44.365+02:00"},"bbox":[4.8432405,45.76189718,4.8432405,45.76189718]},{"type":"Feature","id":"parkings-des-operateurs-de-stationnements-de-la-metropole-de-lyon.fid--61bf6ba1_1a074192531_756c","geometry":{"type":"Point","coordinates":[4.8546956,45.76287724]},"geometry_name":"the_geom","properties":{"gid":142,"id":"69123-P-122","nom":"Part-Dieu - Deruelle","gestionnaire":"LPA&CO","id_gestionnaire":"LPACO-0159","insee":"69123","adresse":"30 Bd Eugène Deruelle, 69003, Lyon","url":"https://www.lpa-and-co.fr/","type_usagers":"abonnés","gratuit":false,"nb_places":-1,"nb_pr":null,"nb_pmr":null,"nb_voitures_electriques":null,"nb_velo":null,"nb_2r_el":null,"nb_autopartage":null,"nb_2_rm":null,"nb_covoit":null,"hauteur_max":"190","num_siret":"96950545200017","tarif_pmr":null,"tarif_1h":null,"tarif_2h":3,"tarif_3h":null,"tarif_4h":null,"tarif_24h":24,"abo_resident":8,"abo_non_resident":8,"type_ouvrage":null,"info":null,"info_temps_reel":false,"last_update":"2026-09-01T11:00:44.365+02:00"},"bbox":[4.8546956,45.76287724,4.8546956,45.76287724]},{"type":"Feature","id":"parkings-des-operateurs-de-stationnements-de-la-metropole-de-lyon.fid--61bf6ba1_1a074192531_756d","geometry":{"type":"Point","coordinates":[4.8816372,45.75785024]},"geometry_name":"the_geom","properties":{"gid":143,"id":"69266-P-020","nom":"Villeurbanne - Saint Exupéry","gestionnaire":"LPA&CO","id_gestionnaire":"LPACO-0182","insee":"69266","adresse":"54 Av. Antoine de Saint-Exupéry, 69100, Villeurbanne","url":"https://www.lpa-and-co.fr/","type_usagers":"abonnés","gratuit":false,"nb_places":-1,"nb_pr":null,"nb_pmr":null,"nb_voitures_electriques":null,"nb_velo":null,"nb_2r_el":null,"nb_autopartage":null,"nb_2_rm":null,"nb_covoit":null,"hauteur_max":"210","num_siret":"96950545200017","tarif_pmr":null,"tarif_1h":null,"tarif_2h":null,"tarif_3h":null,"tarif_4h":null,"tarif_24h":null,"abo_resident":43,"abo_non_resident":43,"type_ouvrage":null,"info":null,"info_temps_reel":false,"last_update":"2026-09-01T11:00:44.365+02:00"},"bbox":[4.8816372,45.75785024,4.8816372,45.75785024]},{"type":"Feature","id":"parkings-des-operateurs-de-stationnements-de-la-metropole-de-lyon.fid--61bf6ba1_1a074192531_756e","geometry":{"type":"Point","coordinates":[4.8493005,45.72821264]},"geometry_name":"the_geom","properties":{"gid":159,"id":"69123-P-135","nom":"128 ter rue Challemel-Lacour","gestionnaire":"LPA&CO","id_gestionnaire":"LPACO-0184","insee":"69123","adresse":"128ter Rue Challemel-Lacour, 69008, Lyon","url":"https://www.lpa-and-co.fr/","type_usagers":"abonnés","gratuit":false,"nb_places":-1,"nb_pr":null,"nb_pmr":null,"nb_voitures_electriques":null,"nb_velo":null,"nb_2r_el":null,"nb_autopartage":null,"nb_2_rm":null,"nb_covoit":null,"hauteur_max":"195","num_siret":"96950545200017","tarif_pmr":null,"tarif_1h":null,"tarif_2h":null,"tarif_3h":null,"tarif_4h":null,"tarif_24h":null,"abo_resident":75,"abo_non_resident":75,"type_ouvrage":null,"info":null,"info_temps_reel":false,"last_update":"2026-09-01T11:00:44.374+02:00"},"bbox":[4.8493005,45.72821264,4.8493005,45.72821264]},{"type":"Feature","id":"parkings-des-operateurs-de-stationnements-de-la-metropole-de-lyon.fid--61bf6ba1_1a074192531_756f","geometry":{"type":"Point","coordinates":[4.8544634,45.76285234]},"geometry_name":"the_geom","properties":{"gid":161,"id":"69123-P-137","nom":"Part-Dieu - Britannia","gestionnaire":"LPA&CO","id_gestionnaire":"LPACO-0186","insee":"69123","adresse":"26 Bd Eugène Deruelle, 69003, Lyon","url":"https://www.lpa-and-co.fr/","type_usagers":"abonnés","gratuit":false,"nb_places":-1,"nb_pr":null,"nb_pmr":null,"nb_voitures_electriques":null,"nb_velo":null,"nb_2r_el":null,"nb_autopartage":null,"nb_2_rm":null,"nb_covoit":null,"hauteur_max":"180","num_siret":"96950545200017","tarif_pmr":null,"tarif_1h":null,"tarif_2h":null,"tarif_3h":null,"tarif_4h":null,"tarif_24h":null,"abo_resident":140,"abo_non_resident":140,"type_ouvrage":null,"info":null,"info_temps_reel":false,"last_update":"2026-09-01T11:00:44.374+02:00"},"bbox":[4.8544634,45.76285234,4.8544634,45.76285234]},{"type":"Feature","id":"parkings-des-operateurs-de-stationnements-de-la-metropole-de-lyon.fid--61bf6ba1_1a074192531_7570","geometry":{"type":"Point","coordinates":[4.84879961,45.76421408]},"geometry_name":"the_geom","properties":{"gid":162,"id":"69123-P-138","nom":"Cours Lafayette","gestionnaire":"LPA&CO","id_gestionnaire":"LPACO-0190","insee":"69123","adresse":"32 Rue Robert, 69006, Lyon","url":"https://www.lpa-and-co.fr/","type_usagers":"abonnés","gratuit":false,"nb_places":-1,"nb_pr":null,"nb_pmr":null,"nb_voitures_electriques":null,"nb_velo":null,"nb_2r_el":null,"nb_autopartage":null,"nb_2_rm":null,"nb_covoit":null,"hauteur_max":"190","num_siret":"96950545200017","tarif_pmr":null,"tarif_1h":null,"tarif_2h":null,"tarif_3h":null,"tarif_4h":null,"tarif_24h":null,"abo_resident":135,"abo_non_resident":135,"type_ouvrage":null,"info":null,"info_temps_reel":false,"last_update":"2026-09-01T11:00:44.374+02:00"},"bbox":[4.84879961,45.76421408,4.84879961,45.76421408]},{"type":"Feature","id":"parkings-des-operateurs-de-stationnements-de-la-metropole-de-lyon.fid--61bf6ba1_1a074192531_7571","geometry":{"type":"Point","coordinates":[4.8100121,45.78814494]},"geometry_name":"the_geom","properties":{"gid":226,"id":"69123-P-148","nom":"Lyon 9 - Rochecardon","gestionnaire":"LPA&CO","id_gestionnaire":"LPACO-0197","insee":"69123","adresse":"6 Pass. du Côteau, 69009, Lyon","url":"https://www.lpa-and-co.fr/","type_usagers":"abonnés","gratuit":false,"nb_places":-1,"nb_pr":null,"nb_pmr":null,"nb_voitures_electriques":null,"nb_velo":null,"nb_2r_el":null,"nb_autopartage":null,"nb_2_rm":null,"nb_covoit":null,"hauteur_max":"200","num_siret":"96950545200017","tarif_pmr":null,"tarif_1h":null,"tarif_2h":null,"tarif_3h":null,"tarif_4h":null,"tarif_24h":null,"abo_resident":75,"abo_non_resident":75,"type_ouvrage":null,"info":null,"info_temps_reel":false,"last_update":"2026-09-01T11:00:44.378+02:00"},"bbox":[4.8100121,45.78814494,4.8100121,45.78814494]},{"type":"Feature","id":"parkings-des-operateurs-de-stationnements-de-la-metropole-de-lyon.fid--61bf6ba1_1a074192531_7572","geometry":{"type":"Point","coordinates":[4.877805,45.77841644]},"geometry_name":"the_geom","properties":{"gid":227,"id":"69266-P-023","nom":"Villeurbanne - Salengro Courteline","gestionnaire":"LPA&CO","id_gestionnaire":"LPACO-0198","insee":"69266","adresse":"22 Rue Georges Courteline, 69100, Villeurbanne","url":"https://www.lpa-and-co.fr/","type_usagers":"abonnés","gratuit":false,"nb_places":-1,"nb_pr":null,"nb_pmr":null,"nb_voitures_electriques":null,"nb_velo":null,"nb_2r_el":null,"nb_autopartage":null,"nb_2_rm":null,"nb_covoit":null,"hauteur_max":"190","num_siret":"96950545200017","tarif_pmr":null,"tarif_1h":null,"tarif_2h":null,"tarif_3h":null,"tarif_4h":null,"tarif_24h":null,"abo_resident":40,"abo_non_resident":40,"type_ouvrage":null,"info":null,"info_temps_reel":false,"last_update":"2026-09-01T11:00:44.378+02:00"},"bbox":[4.877805,45.77841644,4.877805,45.77841644]},{"type":"Feature","id":"parkings-des-operateurs-de-stationnements-de-la-metropole-de-lyon.fid--61bf6ba1_1a074192531_7573","geometry":{"type":"Point","coordinates":[4.8826086,45.77353084]},"geometry_name":"the_geom","properties":{"gid":228,"id":"69266-P-024","nom":"Villeurbanne - Les Poulettes","gestionnaire":"LPA&CO","id_gestionnaire":"LPACO-0199","insee":"69266","adresse":"33 Rue Raspail, 69100, Villeurbanne","url":"https://www.lpa-and-co.fr/","type_usagers":"abonnés","gratuit":false,"nb_places":-1,"nb_pr":null,"nb_pmr":null,"nb_voitures_electriques":null,"nb_velo":null,"nb_2r_el":null,"nb_autopartage":null,"nb_2_rm":null,"nb_covoit":null,"hauteur_max":"180","num_siret":"96950545200017","tarif_pmr":null,"tarif_1h":null,"tarif_2h":null,"tarif_3h":null,"tarif_4h":null,"tarif_24h":null,"abo_resident":50,"abo_non_resident":50,"type_ouvrage":null,"info":null,"info_temps_reel":false,"last_update":"2026-09-01T11:00:44.378+02:00"},"bbox":[4.8826086,45.77353084,4.8826086,45.77353084]},{"type":"Feature","id":"parkings-des-operateurs-de-stationnements-de-la-metropole-de-lyon.fid--61bf6ba1_1a074192531_7574","geometry":{"type":"Point","coordinates":[4.8511797,45.74171464]},"geometry_name":"the_geom","properties":{"gid":229,"id":"69123-P-149","nom":"Lyon 7 - 53 Route de vienne","gestionnaire":"LPA&CO","id_gestionnaire":"LPACO-01201","insee":"69123","adresse":"53 Rte de Vienne, 69007, Lyon","url":"https://www.lpa-and-co.fr/","type_usagers":"abonnés","gratuit":false,"nb_places":-1,"nb_pr":null,"nb_pmr":null,"nb_voitures_electriques":null,"nb_velo":null,"nb_2r_el":null,"nb_autopartage":null,"nb_2_rm":null,"nb_covoit":null,"hauteur_max":"200","num_siret":"96950545200017","tarif_pmr":null,"tarif_1h":null,"tarif_2h":null,"tarif_3h":null,"tarif_4h":null,"tarif_24h":null,"abo_resident":70,"abo_non_resident":70,"type_ouvrage":null,"info":null,"info_temps_reel":false,"last_update":"2026-09-01T11:00:44.378+02:00"},"bbox":[4.8511797,45.74171464,4.8511797,45.74171464]},{"type":"Feature","id":"parkings-des-operateurs-de-stationnements-de-la-metropole-de-lyon.fid--61bf6ba1_1a074192531_7575","geometry":{"type":"Point","coordinates":[4.9177479,45.73078184]},"geometry_name":"the_geom","properties":{"gid":230,"id":"69029-P-002","nom":"Bron - Général de Gaulle","gestionnaire":"LPA&CO","id_gestionnaire":"LPACO-01202","insee":"69029","adresse":"231 Av. Général de Gaulle, 69500, Bron","url":"https://www.lpa-and-co.fr/","type_usagers":"abonnés","gratuit":false,"nb_places":-1,"nb_pr":null,"nb_pmr":null,"nb_voitures_electriques":null,"nb_velo":null,"nb_2r_el":null,"nb_autopartage":null,"nb_2_rm":null,"nb_covoit":null,"hauteur_max":"200","num_siret":"96950545200017","tarif_pmr":null,"tarif_1h":null,"tarif_2h":null,"tarif_3h":null,"tarif_4h":null,"tarif_24h":null,"abo_resident":28,"abo_non_resident":28,"type_ouvrage":null,"info":null,"info_temps_reel":false,"last_update":"2026-09-01T11:00:44.379+02:00"},"bbox":[4.9177479,45.73078184,4.9177479,45.73078184]},{"type":"Feature","id":"parkings-des-operateurs-de-stationnements-de-la-metropole-de-lyon.fid--61bf6ba1_1a074192531_7576","geometry":{"type":"Point","coordinates":[4.8287682,45.77914134]},"geometry_name":"the_geom","properties":{"gid":233,"id":"69123-P-152","nom":"Croix-Rousse - Métro Hénon","gestionnaire":"LPA&CO","id_gestionnaire":"LPACO-01207","insee":"69123","adresse":"103 Rue Denfert-Rochereau, 69004, Lyon","url":"https://www.lpa-and-co.fr/","type_usagers":"abonnés","gratuit":false,"nb_places":-1,"nb_pr":null,"nb_pmr":null,"nb_voitures_electriques":null,"nb_velo":null,"nb_2r_el":null,"nb_autopartage":null,"nb_2_rm":null,"nb_covoit":null,"hauteur_max":"190","num_siret":"96950545200017","tarif_pmr":null,"tarif_1h":null,"tarif_2h":null,"tarif_3h":null,"tarif_4h":null,"tarif_24h":null,"abo_resident":130,"abo_non_resident":130,"type_ouvrage":null,"info":null,"info_temps_reel":false,"last_update":"2026-09-01T11:00:44.382+02:00"},"bbox":[4.8287682,45.77914134,4.8287682,45.77914134]},{"type":"Feature","id":"parkings-des-operateurs-de-stationnements-de-la-metropole-de-lyon.fid--61bf6ba1_1a074192531_7577","geometry":{"type":"Point","coordinates":[4.8866674,45.78208374]},"geometry_name":"the_geom","properties":{"gid":247,"id":"69266-P-026","nom":"Villeurbanne - Croix Luizet","gestionnaire":"LPA&CO","id_gestionnaire":"LPACO-01221","insee":"69266","adresse":"5 Imp. Guillet, 69100, Villeurbanne","url":"https://www.lpa-and-co.fr/","type_usagers":"abonnés","gratuit":false,"nb_places":-1,"nb_pr":null,"nb_pmr":null,"nb_voitures_electriques":null,"nb_velo":null,"nb_2r_el":null,"nb_autopartage":null,"nb_2_rm":null,"nb_covoit":null,"hauteur_max":"190","num_siret":null,"tarif_pmr":null,"tarif_1h":null,"tarif_2h":null,"tarif_3h":null,"tarif_4h":null,"tarif_24h":null,"abo_resident":78,"abo_non_resident":78,"type_ouvrage":null,"info":null,"info_temps_reel":false,"last_update":"2026-09-01T11:00:44.387+02:00"},"bbox":[4.8866674,45.78208374,4.8866674,45.78208374]},{"type":"Feature","id":"parkings-des-operateurs-de-stationnements-de-la-metropole-de-lyon.fid--61bf6ba1_1a074192531_7578","geometry":{"type":"Point","coordinates":[4.8810192,45.69972504]},"geometry_name":"the_geom","properties":{"gid":248,"id":"69259-P-012","nom":"Vénissieux - Centre","gestionnaire":"LPA&CO","id_gestionnaire":"LPACO-01222","insee":"69259","adresse":"6 Rue Gaspard Picard, 69200, Vénissieux","url":"https://www.lpa-and-co.fr/","type_usagers":"abonnés","gratuit":false,"nb_places":-1,"nb_pr":null,"nb_pmr":null,"nb_voitures_electriques":null,"nb_velo":null,"nb_2r_el":null,"nb_autopartage":null,"nb_2_rm":null,"nb_covoit":null,"hauteur_max":"190","num_siret":null,"tarif_pmr":null,"tarif_1h":null,"tarif_2h":null,"tarif_3h":null,"tarif_4h":null,"tarif_24h":null,"abo_resident":87,"abo_non_resident":87,"type_ouvrage":null,"info":null,"info_temps_reel":false,"last_update":"2026-09-01T11:00:44.387+02:00"},"bbox":[4.8810192,45.69972504,4.8810192,45.69972504]},{"type":"Feature","id":"parkings-des-operateurs-de-stationnements-de-la-metropole-de-lyon.fid--61bf6ba1_1a074192531_7579","geometry":{"type":"Point","coordinates":[4.9175086,45.75725394]},"geometry_name":"the_geom","properties":{"gid":249,"id":"69266-P-027","nom":"Villeurbanne - Alfred de Musset","gestionnaire":"LPA&CO","id_gestionnaire":"LPACO-01223","insee":"69266","adresse":"22 Rue Alfred de Musset, 69100, Villeurbanne","url":"https://www.lpa-and-co.fr/","type_usagers":"abonnés","gratuit":false,"nb_places":-1,"nb_pr":null,"nb_pmr":null,"nb_voitures_electriques":null,"nb_velo":null,"nb_2r_el":null,"nb_autopartage":null,"nb_2_rm":null,"nb_covoit":null,"hauteur_max":"190","num_siret":null,"tarif_pmr":null,"tarif_1h":null,"tarif_2h":null,"tarif_3h":null,"tarif_4h":null,"tarif_24h":null,"abo_resident":69,"abo_non_resident":69,"type_ouvrage":null,"info":null,"info_temps_reel":false,"last_update":"2026-09-01T11:00:44.387+02:00"},"bbox":[4.9175086,45.75725394,4.9175086,45.75725394]},{"type":"Feature","id":"parkings-des-operateurs-de-stationnements-de-la-metropole-de-lyon.fid--61bf6ba1_1a074192531_757a","geometry":{"type":"Point","coordinates":[4.9424329,45.76847454]},"geometry_name":"the_geom","properties":{"gid":250,"id":"69275-P-007","nom":"Décines - 64 avenue Jean Jaurès","gestionnaire":"LPA&CO","id_gestionnaire":"LPACO-01225","insee":"69275","adresse":"64 Av. Jean Jaurès, 69150, Décines-Charpieu","url":"https://www.lpa-and-co.fr/","type_usagers":"abonnés","gratuit":false,"nb_places":-1,"nb_pr":null,"nb_pmr":null,"nb_voitures_electriques":null,"nb_velo":null,"nb_2r_el":null,"nb_autopartage":null,"nb_2_rm":null,"nb_covoit":null,"hauteur_max":"190","num_siret":null,"tarif_pmr":null,"tarif_1h":null,"tarif_2h":null,"tarif_3h":null,"tarif_4h":null,"tarif_24h":null,"abo_resident":87,"abo_non_resident":87,"type_ouvrage":null,"info":null,"info_temps_reel":false,"last_update":"2026-09-01T11:00:44.387+02:00"},"bbox":[4.9424329,45.76847454,4.9424329,45.76847454]},{"type":"Feature","id":"parkings-des-operateurs-de-stationnements-de-la-metropole-de-lyon.fid--61bf6ba1_1a074192531_757b","geometry":{"type":"Point","coordinates":[4.849364,45.76581244]},"geometry_name":"the_geom","properties":{"gid":252,"id":"69123-P-158","nom":"Part-Dieu - Boileau","gestionnaire":"LPA&CO","id_gestionnaire":"LPACO-01226","insee":"69123","adresse":"124 Rue Boileau, 69006, Lyon","url":"https://www.lpa-and-co.fr/","type_usagers":"abonnés","gratuit":false,"nb_places":-1,"nb_pr":null,"nb_pmr":null,"nb_voitures_electriques":null,"nb_velo":null,"nb_2r_el":null,"nb_autopartage":null,"nb_2_rm":null,"nb_covoit":null,"hauteur_max":"190","num_siret":null,"tarif_pmr":null,"tarif_1h":null,"tarif_2h":null,"tarif_3h":null,"tarif_4h":null,"tarif_24h":null,"abo_resident":140,"abo_non_resident":140,"type_ouvrage":null,"info":null,"info_temps_reel":false,"last_update":"2026-09-01T11:00:44.387+02:00"},"bbox":[4.849364,45.76581244,4.849364,45.76581244]},{"type":"Feature","id":"parkings-des-operateurs-de-stationnements-de-la-metropole-de-lyon.fid--61bf6ba1_1a074192531_757c","geometry":{"type":"Point","coordinates":[4.86169719,45.77845547]},"geometry_name":"the_geom","properties":{"gid":253,"id":"69266-P-028","nom":"Villeurbanne - Tonkin Nord","gestionnaire":"LPA&CO","id_gestionnaire":"LPACO-01227","insee":"69266","adresse":"15 Rue John Ford, 69100, Villeurbanne","url":"https://www.lpa-and-co.fr/","type_usagers":"abonnés","gratuit":false,"nb_places":-1,"nb_pr":null,"nb_pmr":null,"nb_voitures_electriques":null,"nb_velo":null,"nb_2r_el":null,"nb_autopartage":null,"nb_2_rm":null,"nb_covoit":null,"hauteur_max":"200","num_siret":null,"tarif_pmr":null,"tarif_1h":null,"tarif_2h":null,"tarif_3h":null,"tarif_4h":null,"tarif_24h":null,"abo_resident":60,"abo_non_resident":60,"type_ouvrage":null,"info":null,"info_temps_reel":false,"last_update":"2026-09-01T11:00:44.387+02:00"},"bbox":[4.86169719,45.77845547,4.86169719,45.77845547]},{"type":"Feature","id":"parkings-des-operateurs-de-stationnements-de-la-metropole-de-lyon.fid--61bf6ba1_1a074192531_757d","geometry":{"type":"Point","coordinates":[4.8299634,45.73316464]},"geometry_name":"the_geom","properties":{"gid":261,"id":"69123-P-163","nom":"Debourg - 197 Marcel Mérieux","gestionnaire":"LPA&CO","id_gestionnaire":"LPACO-01229","insee":"69123","adresse":"197 Rue Marcel Mérieux, 69007, Lyon","url":"https://www.lpa-and-co.fr/","type_usagers":"abonnés","gratuit":false,"nb_places":-1,"nb_pr":null,"nb_pmr":null,"nb_voitures_electriques":null,"nb_velo":null,"nb_2r_el":null,"nb_autopartage":null,"nb_2_rm":null,"nb_covoit":null,"hauteur_max":"200","num_siret":null,"tarif_pmr":null,"tarif_1h":null,"tarif_2h":null,"tarif_3h":null,"tarif_4h":null,"tarif_24h":null,"abo_resident":58,"abo_non_resident":58,"type_ouvrage":null,"info":null,"info_temps_reel":false,"last_update":"2026-09-01T11:00:44.387+02:00"},"bbox":[4.8299634,45.73316464,4.8299634,45.73316464]},{"type":"Feature","id":"parkings-des-operateurs-de-stationnements-de-la-metropole-de-lyon.fid--61bf6ba1_1a074192531_757e","geometry":{"type":"Point","coordinates":[4.8017726,45.77755904]},"geometry_name":"the_geom","properties":{"gid":256,"id":"69123-P-159","nom":"Lyon 9 - Marietton","gestionnaire":"LPA&CO","id_gestionnaire":"LPACO-01230","insee":"69123","adresse":"17 Rue Laure Diebold, 69009, Lyon","url":"https://www.lpa-and-co.fr/","type_usagers":"abonnés","gratuit":false,"nb_places":-1,"nb_pr":null,"nb_pmr":null,"nb_voitures_electriques":null,"nb_velo":null,"nb_2r_el":null,"nb_autopartage":null,"nb_2_rm":null,"nb_covoit":null,"hauteur_max":"190","num_siret":null,"tarif_pmr":null,"tarif_1h":null,"tarif_2h":null,"tarif_3h":null,"tarif_4h":null,"tarif_24h":null,"abo_resident":85,"abo_non_resident":85,"type_ouvrage":null,"info":null,"info_temps_reel":false,"last_update":"2026-09-01T11:00:44.387+02:00"},"bbox":[4.8017726,45.77755904,4.8017726,45.77755904]},{"type":"Feature","id":"parkings-des-operateurs-de-stationnements-de-la-metropole-de-lyon.fid--61bf6ba1_1a074192531_757f","geometry":{"type":"Point","coordinates":[4.8769376,45.77997824]},"geometry_name":"the_geom","properties":{"gid":257,"id":"69266-P-029","nom":"Villeurbanne - Avenue Albert Einstein","gestionnaire":"LPA&CO","id_gestionnaire":"LPACO-01231","insee":"69266","adresse":"17 Rue Marcel Dutartre, 69100, Villeurbanne","url":"https://www.lpa-and-co.fr/","type_usagers":"abonnés","gratuit":false,"nb_places":-1,"nb_pr":null,"nb_pmr":null,"nb_voitures_electriques":null,"nb_velo":null,"nb_2r_el":null,"nb_autopartage":null,"nb_2_rm":null,"nb_covoit":null,"hauteur_max":"220","num_siret":null,"tarif_pmr":null,"tarif_1h":null,"tarif_2h":null,"tarif_3h":null,"tarif_4h":null,"tarif_24h":null,"abo_resident":35,"abo_non_resident":35,"type_ouvrage":null,"info":null,"info_temps_reel":false,"last_update":"2026-09-01T11:00:44.387+02:00"},"bbox":[4.8769376,45.77997824,4.8769376,45.77997824]},{"type":"Feature","id":"parkings-des-operateurs-de-stationnements-de-la-metropole-de-lyon.fid--61bf6ba1_1a074192531_7580","geometry":{"type":"Point","coordinates":[4.9189105,45.73221044]},"geometry_name":"the_geom","properties":{"gid":262,"id":"69029-P-004","nom":"Bron - Fort de Bron","gestionnaire":"LPA&CO","id_gestionnaire":"LPACO-01232","insee":"69029","adresse":"3 Chem. Vieux, 69500, Bron","url":"https://www.lpa-and-co.fr/","type_usagers":"abonnés","gratuit":false,"nb_places":-1,"nb_pr":null,"nb_pmr":null,"nb_voitures_electriques":null,"nb_velo":null,"nb_2r_el":null,"nb_autopartage":null,"nb_2_rm":null,"nb_covoit":null,"hauteur_max":"190","num_siret":null,"tarif_pmr":null,"tarif_1h":null,"tarif_2h":null,"tarif_3h":null,"tarif_4h":null,"tarif_24h":null,"abo_resident":25,"abo_non_resident":25,"type_ouvrage":null,"info":null,"info_temps_reel":false,"last_update":"2026-09-01T11:00:44.387+02:00"},"bbox":[4.9189105,45.73221044,4.9189105,45.73221044]},{"type":"Feature","id":"parkings-des-operateurs-de-stationnements-de-la-metropole-de-lyon.fid--61bf6ba1_1a074192531_7581","geometry":{"type":"Point","coordinates":[4.8512467,45.74148114]},"geometry_name":"the_geom","properties":{"gid":258,"id":"69123-P-160","nom":"Lyon 7 - 59 Route de Vienne","gestionnaire":"LPA&CO","id_gestionnaire":"LPACO-01235","insee":"69123","adresse":"59 Rte de Vienne, 69007, Lyon","url":"https://www.lpa-and-co.fr/","type_usagers":"abonnés","gratuit":false,"nb_places":-1,"nb_pr":null,"nb_pmr":null,"nb_voitures_electriques":null,"nb_velo":null,"nb_2r_el":null,"nb_autopartage":null,"nb_2_rm":null,"nb_covoit":null,"hauteur_max":"190","num_siret":null,"tarif_pmr":null,"tarif_1h":null,"tarif_2h":null,"tarif_3h":null,"tarif_4h":null,"tarif_24h":null,"abo_resident":75,"abo_non_resident":75,"type_ouvrage":null,"info":null,"info_temps_reel":false,"last_update":"2026-09-01T11:00:44.391+02:00"},"bbox":[4.8512467,45.74148114,4.8512467,45.74148114]},{"type":"Feature","id":"parkings-des-operateurs-de-stationnements-de-la-metropole-de-lyon.fid--61bf6ba1_1a074192531_7582","geometry":{"type":"Point","coordinates":[4.80329869,45.77809777]},"geometry_name":"the_geom","properties":{"gid":260,"id":"69123-P-162","nom":"Lyon 9 - Gare de Vaise","gestionnaire":"LPA&CO","id_gestionnaire":"LPACO-01236","insee":"69123","adresse":"26 Rue Laporte, 69009, Lyon","url":"https://www.lpa-and-co.fr/","type_usagers":"abonnés","gratuit":false,"nb_places":-1,"nb_pr":null,"nb_pmr":null,"nb_voitures_electriques":null,"nb_velo":null,"nb_2r_el":null,"nb_autopartage":null,"nb_2_rm":null,"nb_covoit":null,"hauteur_max":"200","num_siret":null,"tarif_pmr":null,"tarif_1h":null,"tarif_2h":null,"tarif_3h":null,"tarif_4h":null,"tarif_24h":null,"abo_resident":80,"abo_non_resident":80,"type_ouvrage":null,"info":null,"info_temps_reel":false,"last_update":"2026-09-01T11:00:44.391+02:00"},"bbox":[4.80329869,45.77809777,4.80329869,45.77809777]},{"type":"Feature","id":"parkings-des-operateurs-de-stationnements-de-la-metropole-de-lyon.fid--61bf6ba1_1a074192531_7583","geometry":{"type":"Point","coordinates":[4.8374688,45.72754264]},"geometry_name":"the_geom","properties":{"gid":264,"id":"69123-P-165","nom":"Lyon 7 - Gerland","gestionnaire":"LPA&CO","id_gestionnaire":"LPACO-01241","insee":"69123","adresse":"196 Rue de Gerland, 69007, Lyon","url":"https://www.lpa-and-co.fr/","type_usagers":"abonnés","gratuit":false,"nb_places":-1,"nb_pr":null,"nb_pmr":null,"nb_voitures_electriques":null,"nb_velo":null,"nb_2r_el":null,"nb_autopartage":null,"nb_2_rm":null,"nb_covoit":null,"hauteur_max":"200","num_siret":null,"tarif_pmr":null,"tarif_1h":null,"tarif_2h":3,"tarif_3h":null,"tarif_4h":null,"tarif_24h":24,"abo_resident":48,"abo_non_resident":48,"type_ouvrage":null,"info":null,"info_temps_reel":false,"last_update":"2026-09-01T11:00:44.397+02:00"},"bbox":[4.8374688,45.72754264,4.8374688,45.72754264]},{"type":"Feature","id":"parkings-des-operateurs-de-stationnements-de-la-metropole-de-lyon.fid--61bf6ba1_1a074192531_7584","geometry":{"type":"Point","coordinates":[4.88619685,45.72055012]},"geometry_name":"the_geom","properties":{"gid":216,"id":"69259-P-011","nom":"Parilly","gestionnaire":"TCL","id_gestionnaire":"PAR","insee":"69259","adresse":null,"url":null,"type_usagers":null,"gratuit":null,"nb_places":292,"nb_pr":292,"nb_pmr":null,"nb_voitures_electriques":null,"nb_velo":null,"nb_2r_el":null,"nb_autopartage":null,"nb_2_rm":null,"nb_covoit":null,"hauteur_max":null,"num_siret":"30807763500024","tarif_pmr":null,"tarif_1h":null,"tarif_2h":null,"tarif_3h":null,"tarif_4h":null,"tarif_24h":null,"abo_resident":null,"abo_non_resident":null,"type_ouvrage":null,"info":"Ouvert de 4h30 à 1h00 du dimanche au jeudi, et de 4h30 à 3h00 les vendredis et samedis","info_temps_reel":true,"last_update":"2026-09-05T05:00:02+02:00"},"bbox":[4.88619685,45.72055012,4.88619685,45.72055012]},{"type":"Feature","id":"parkings-des-operateurs-de-stationnements-de-la-metropole-de-lyon.fid--61bf6ba1_1a074192531_7585","geometry":{"type":"Point","coordinates":[5.03155658,45.76832845]},"geometry_name":"the_geom","properties":{"gid":203,"id":"69282-P-002","nom":"Meyzieu ZI","gestionnaire":"TCL","id_gestionnaire":"MEYZ","insee":"69282","adresse":null,"url":null,"type_usagers":null,"gratuit":null,"nb_places":440,"nb_pr":440,"nb_pmr":null,"nb_voitures_electriques":null,"nb_velo":null,"nb_2r_el":null,"nb_autopartage":null,"nb_2_rm":null,"nb_covoit":null,"hauteur_max":null,"num_siret":"30807763500024","tarif_pmr":null,"tarif_1h":null,"tarif_2h":null,"tarif_3h":null,"tarif_4h":null,"tarif_24h":null,"abo_resident":null,"abo_non_resident":null,"type_ouvrage":null,"info":"Ouvert de 4h30 à 1h00, du lundi au dimanche","info_temps_reel":true,"last_update":"2026-09-05T05:00:02+02:00"},"bbox":[5.03155658,45.76832845,5.03155658,45.76832845]},{"type":"Feature","id":"parkings-des-operateurs-de-stationnements-de-la-metropole-de-lyon.fid--61bf6ba1_1a074192531_7586","geometry":{"type":"Point","coordinates":[4.90925543,45.76546284]},"geometry_name":"the_geom","properties":{"gid":204,"id":"69266-P-021","nom":"Laurent Bonnevay","gestionnaire":"TCL","id_gestionnaire":"BON","insee":"69266","adresse":null,"url":null,"type_usagers":null,"gratuit":null,"nb_places":611,"nb_pr":611,"nb_pmr":null,"nb_voitures_electriques":null,"nb_velo":null,"nb_2r_el":null,"nb_autopartage":null,"nb_2_rm":null,"nb_covoit":null,"hauteur_max":null,"num_siret":"30807763500024","tarif_pmr":null,"tarif_1h":null,"tarif_2h":null,"tarif_3h":null,"tarif_4h":null,"tarif_24h":null,"abo_resident":null,"abo_non_resident":null,"type_ouvrage":null,"info":"Ouvert de 4h30 à 1h00 du lundi au jeudi, et de 4h30 à 3h00 les vendredis et samedis - Fermé les dimanches et jours fériés","info_temps_reel":true,"last_update":"2026-09-05T05:00:02+02:00"},"bbox":[4.90925543,45.76546284,4.90925543,45.76546284]},{"type":"Feature","id":"parkings-des-operateurs-de-stationnements-de-la-metropole-de-lyon.fid--61bf6ba1_1a074192531_7587","geometry":{"type":"Point","coordinates":[4.88979177,45.730479]},"geometry_name":"the_geom","properties":{"gid":220,"id":"69029-P-001","nom":"Mermoz Pinel","gestionnaire":"TCL","id_gestionnaire":"MERP","insee":"69029","adresse":null,"url":null,"type_usagers":null,"gratuit":null,"nb_places":309,"nb_pr":309,"nb_pmr":null,"nb_voitures_electriques":null,"nb_velo":null,"nb_2r_el":null,"nb_autopartage":null,"nb_2_rm":null,"nb_covoit":null,"hauteur_max":null,"num_siret":"30807763500024","tarif_pmr":null,"tarif_1h":null,"tarif_2h":null,"tarif_3h":null,"tarif_4h":null,"tarif_24h":null,"abo_resident":null,"abo_non_resident":null,"type_ouvrage":null,"info":"Ouvert de 4h30 à 1h00 du dimanche au jeudi, et de 4h30 à 3h00 les vendredis et samedis - Niveau 3 réservé aux abonnés PREMIUM : 100 places dont 3 places handicapés","info_temps_reel":true,"last_update":"2026-09-05T05:00:02+02:00"},"bbox":[4.88979177,45.730479,4.88979177,45.730479]},{"type":"Feature","id":"parkings-des-operateurs-de-stationnements-de-la-metropole-de-lyon.fid--61bf6ba1_1a074192531_7588","geometry":{"type":"Point","coordinates":[4.8624352,45.73887364]},"geometry_name":"the_geom","properties":{"gid":265,"id":"69123-P-166","nom":"Lyon 8 - 279 Avenue Berthelot","gestionnaire":"LPA&CO","id_gestionnaire":"LPACO-01228","insee":"69123","adresse":"279 Av. Berthelot, 69008, Lyon","url":"https://www.lpa-and-co.fr/","type_usagers":"abonnés","gratuit":false,"nb_places":-1,"nb_pr":null,"nb_pmr":null,"nb_voitures_electriques":null,"nb_velo":null,"nb_2r_el":null,"nb_autopartage":null,"nb_2_rm":null,"nb_covoit":null,"hauteur_max":"190","num_siret":null,"tarif_pmr":null,"tarif_1h":null,"tarif_2h":null,"tarif_3h":null,"tarif_4h":null,"tarif_24h":null,"abo_resident":55,"abo_non_resident":55,"type_ouvrage":null,"info":null,"info_temps_reel":false,"last_update":"2026-09-01T11:00:44.387+02:00"},"bbox":[4.8624352,45.73887364,4.8624352,45.73887364]},{"type":"Feature","id":"parkings-des-operateurs-de-stationnements-de-la-metropole-de-lyon.fid--61bf6ba1_1a074192531_7589","geometry":{"type":"Point","coordinates":[4.829207,45.72484804]},"geometry_name":"the_geom","properties":{"gid":259,"id":"69123-P-161","nom":"Parc des Sports Gerland - Gare routière internationale","gestionnaire":"LPA","id_gestionnaire":"LPA0773","insee":"69123","adresse":"Rue Jean-Pierre Chevrot, 69007, Lyon","url":"https://parking.lpa.fr/parkings/parking-parc-des-sports-gerland/","type_usagers":"tous","gratuit":false,"nb_places":270,"nb_pr":null,"nb_pmr":0,"nb_voitures_electriques":0,"nb_velo":0,"nb_2r_el":null,"nb_autopartage":0,"nb_2_rm":0,"nb_covoit":null,"hauteur_max":"190","num_siret":null,"tarif_pmr":null,"tarif_1h":2,"tarif_2h":4,"tarif_3h":6,"tarif_4h":8,"tarif_24h":10,"abo_resident":60,"abo_non_resident":60,"type_ouvrage":"enclos_en_surface","info":null,"info_temps_reel":false,"last_update":"2026-09-01T11:00:44.415+02:00"},"bbox":[4.829207,45.72484804,4.829207,45.72484804]},{"type":"Feature","id":"parkings-des-operateurs-de-stationnements-de-la-metropole-de-lyon.fid--61bf6ba1_1a074192531_758a","geometry":{"type":"Point","coordinates":[4.83676,45.76386004]},"geometry_name":"the_geom","properties":{"gid":193,"id":"69123-P-087","nom":"LPA Bourse","gestionnaire":"LPA","id_gestionnaire":"LPA0730","insee":"69123","adresse":"55 rue de la Bourse, 69002, Lyon","url":"http://www.lpa.fr/se-garer-dans-un-parking/tous-les-parkings/bourse/#informations","type_usagers":"abonnés","gratuit":false,"nb_places":493,"nb_pr":null,"nb_pmr":2,"nb_voitures_electriques":10,"nb_velo":0,"nb_2r_el":null,"nb_autopartage":0,"nb_2_rm":40,"nb_covoit":null,"hauteur_max":"180","num_siret":"96950545200017","tarif_pmr":null,"tarif_1h":null,"tarif_2h":null,"tarif_3h":null,"tarif_4h":null,"tarif_24h":null,"abo_resident":133,"abo_non_resident":232,"type_ouvrage":"ouvrage","info":null,"info_temps_reel":false,"last_update":"2026-09-01T11:00:44.415+02:00"},"bbox":[4.83676,45.76386004,4.83676,45.76386004]},{"type":"Feature","id":"parkings-des-operateurs-de-stationnements-de-la-metropole-de-lyon.fid--61bf6ba1_1a074192531_758b","geometry":{"type":"Point","coordinates":[4.855157,45.77003904]},"geometry_name":"the_geom","properties":{"gid":195,"id":"69123-P-105","nom":"LPA Ney","gestionnaire":"LPA","id_gestionnaire":"LPA0736","insee":"69123","adresse":"19 rue Ney, 69006, Lyon","url":"http://www.lpa.fr/se-garer-dans-un-parking/tous-les-parkings/ney/#informations","type_usagers":"abonnés","gratuit":false,"nb_places":160,"nb_pr":null,"nb_pmr":0,"nb_voitures_electriques":0,"nb_velo":0,"nb_2r_el":null,"nb_autopartage":0,"nb_2_rm":0,"nb_covoit":null,"hauteur_max":"190","num_siret":"96950545200017","tarif_pmr":null,"tarif_1h":null,"tarif_2h":null,"tarif_3h":null,"tarif_4h":null,"tarif_24h":null,"abo_resident":172,"abo_non_resident":172,"type_ouvrage":"ouvrage","info":null,"info_temps_reel":false,"last_update":"2026-09-01T11:00:44.415+02:00"},"bbox":[4.855157,45.77003904,4.855157,45.77003904]},{"type":"Feature","id":"parkings-des-operateurs-de-stationnements-de-la-metropole-de-lyon.fid--61bf6ba1_1a074192531_758c","geometry":{"type":"Point","coordinates":[4.8055883,45.78166099]},"geometry_name":"the_geom","properties":{"gid":201,"id":"69123-P-142","nom":"Vaise 1","gestionnaire":"TCL","id_gestionnaire":"VAI1","insee":"69123","adresse":null,"url":null,"type_usagers":null,"gratuit":null,"nb_places":497,"nb_pr":497,"nb_pmr":null,"nb_voitures_electriques":null,"nb_velo":null,"nb_2r_el":null,"nb_autopartage":null,"nb_2_rm":null,"nb_covoit":null,"hauteur_max":null,"num_siret":"30807763500024","tarif_pmr":null,"tarif_1h":null,"tarif_2h":null,"tarif_3h":null,"tarif_4h":null,"tarif_24h":null,"abo_resident":null,"abo_non_resident":null,"type_ouvrage":null,"info":"Ouvert de 4h30 à 1h00 du dimanche au jeudi, et de 4h30 à 3h00 les vendredis et samedis - Réservé aux abonnés TCL en période d'ouverture du P+R Vaise 2","info_temps_reel":true,"last_update":"2026-09-05T05:00:02+02:00"},"bbox":[4.8055883,45.78166099,4.8055883,45.78166099]},{"type":"Feature","id":"parkings-des-operateurs-de-stationnements-de-la-metropole-de-lyon.fid--61bf6ba1_1a074192531_758d","geometry":{"type":"Point","coordinates":[4.858517,45.75958004]},"geometry_name":"the_geom","properties":{"gid":232,"id":"69123-P-151","nom":"LPA Béraudier P1","gestionnaire":"LPA","id_gestionnaire":"LPA0772","insee":"69123","adresse":"47 bis Boulevard Marius Vivier Merle , 69003, Lyon","url":"https://parking.lpa.fr/parkings/beraudier/","type_usagers":"tous","gratuit":false,"nb_places":909,"nb_pr":null,"nb_pmr":23,"nb_voitures_electriques":75,"nb_velo":0,"nb_2r_el":null,"nb_autopartage":4,"nb_2_rm":155,"nb_covoit":null,"hauteur_max":"205","num_siret":"96950545200017","tarif_pmr":null,"tarif_1h":0,"tarif_2h":0,"tarif_3h":0,"tarif_4h":0,"tarif_24h":34,"abo_resident":242,"abo_non_resident":242,"type_ouvrage":"ouvrage","info":null,"info_temps_reel":true,"last_update":"2026-09-01T11:00:44.409+02:00"},"bbox":[4.858517,45.75958004,4.858517,45.75958004]},{"type":"Feature","id":"parkings-des-operateurs-de-stationnements-de-la-metropole-de-lyon.fid--61bf6ba1_1a074192531_758e","geometry":{"type":"Point","coordinates":[4.83638,45.74617004]},"geometry_name":"the_geom","properties":{"gid":173,"id":"69123-P-110","nom":"LPA Berthelot","gestionnaire":"LPA","id_gestionnaire":"LPA0740","insee":"69123","adresse":"99 rue de Marseille, 69007, Lyon","url":"http://www.lpa.fr/se-garer-dans-un-parking/tous-les-parkings/berthelot/#informations","type_usagers":"tous","gratuit":false,"nb_places":342,"nb_pr":null,"nb_pmr":7,"nb_voitures_electriques":12,"nb_velo":33,"nb_2r_el":null,"nb_autopartage":2,"nb_2_rm":32,"nb_covoit":null,"hauteur_max":"190","num_siret":"96950545200017","tarif_pmr":null,"tarif_1h":3.2,"tarif_2h":6.4,"tarif_3h":9.600000000000001,"tarif_4h":12.8,"tarif_24h":46.6,"abo_resident":98,"abo_non_resident":140,"type_ouvrage":"ouvrage","info":null,"info_temps_reel":true,"last_update":"2026-09-01T11:00:44.409+02:00"},"bbox":[4.83638,45.74617004,4.83638,45.74617004]},{"type":"Feature","id":"parkings-des-operateurs-de-stationnements-de-la-metropole-de-lyon.fid--61bf6ba1_1a074192531_758f","geometry":{"type":"Point","coordinates":[4.92605173,45.71872818]},"geometry_name":"the_geom","properties":{"gid":207,"id":"69290-P-004","nom":"Porte des Alpes","gestionnaire":"TCL","id_gestionnaire":"ALP","insee":"69290","adresse":null,"url":null,"type_usagers":null,"gratuit":null,"nb_places":248,"nb_pr":248,"nb_pmr":null,"nb_voitures_electriques":null,"nb_velo":null,"nb_2r_el":null,"nb_autopartage":null,"nb_2_rm":null,"nb_covoit":null,"hauteur_max":null,"num_siret":"30807763500024","tarif_pmr":null,"tarif_1h":null,"tarif_2h":null,"tarif_3h":null,"tarif_4h":null,"tarif_24h":null,"abo_resident":null,"abo_non_resident":null,"type_ouvrage":null,"info":"Ouvert de 4h30 à 1h00, du lundi au dimanche","info_temps_reel":true,"last_update":"2026-09-05T05:00:02+02:00"},"bbox":[4.92605173,45.71872818,4.92605173,45.71872818]},{"type":"Feature","id":"parkings-des-operateurs-de-stationnements-de-la-metropole-de-lyon.fid--61bf6ba1_1a074192531_7590","geometry":{"type":"Point","coordinates":[4.95641822,45.7722038]},"geometry_name":"the_geom","properties":{"gid":202,"id":"69275-P-005","nom":"Décines Centre","gestionnaire":"TCL","id_gestionnaire":"DECC","insee":"69275","adresse":null,"url":null,"type_usagers":null,"gratuit":null,"nb_places":105,"nb_pr":105,"nb_pmr":null,"nb_voitures_electriques":null,"nb_velo":null,"nb_2r_el":null,"nb_autopartage":null,"nb_2_rm":null,"nb_covoit":null,"hauteur_max":null,"num_siret":"30807763500024","tarif_pmr":null,"tarif_1h":null,"tarif_2h":null,"tarif_3h":null,"tarif_4h":null,"tarif_24h":null,"abo_resident":null,"abo_non_resident":null,"type_ouvrage":null,"info":"Ouvert de 4h30 à 1h00, du lundi au dimanche","info_temps_reel":true,"last_update":"2026-09-05T05:00:02+02:00"},"bbox":[4.95641822,45.7722038,4.95641822,45.7722038]},{"type":"Feature","id":"parkings-des-operateurs-de-stationnements-de-la-metropole-de-lyon.fid--61bf6ba1_1a074192531_7591","geometry":{"type":"Point","coordinates":[4.86456638,45.68859017]},"geometry_name":"the_geom","properties":{"gid":211,"id":"69276-P-004","nom":"Hopital Feyzin Vénissieux","gestionnaire":"TCL","id_gestionnaire":"HFVE","insee":"69276","adresse":null,"url":null,"type_usagers":null,"gratuit":null,"nb_places":78,"nb_pr":78,"nb_pmr":null,"nb_voitures_electriques":null,"nb_velo":null,"nb_2r_el":null,"nb_autopartage":null,"nb_2_rm":null,"nb_covoit":null,"hauteur_max":null,"num_siret":"30807763500024","tarif_pmr":null,"tarif_1h":null,"tarif_2h":null,"tarif_3h":null,"tarif_4h":null,"tarif_24h":null,"abo_resident":null,"abo_non_resident":null,"type_ouvrage":null,"info":"Ouvert de 4h30 à 1h00, du lundi au dimanche","info_temps_reel":true,"last_update":"2026-09-05T05:00:02+02:00"},"bbox":[4.86456638,45.68859017,4.86456638,45.68859017]},{"type":"Feature","id":"parkings-des-operateurs-de-stationnements-de-la-metropole-de-lyon.fid--61bf6ba1_1a074192531_7592","geometry":{"type":"Point","coordinates":[4.83587,45.75653004]},"geometry_name":"the_geom","properties":{"gid":166,"id":"69123-P-086","nom":"LPA Antonin Poncet","gestionnaire":"LPA","id_gestionnaire":"LPA0724","insee":"69123","adresse":"6 Quai Docteur Gailleton, 69002, Lyon","url":"http://www.lpa.fr/se-garer-dans-un-parking/tous-les-parkings/antonin-poncet/#informations","type_usagers":"tous","gratuit":false,"nb_places":662,"nb_pr":null,"nb_pmr":10,"nb_voitures_electriques":10,"nb_velo":112,"nb_2r_el":null,"nb_autopartage":3,"nb_2_rm":27,"nb_covoit":null,"hauteur_max":"180","num_siret":"96950545200017","tarif_pmr":null,"tarif_1h":3.4,"tarif_2h":6.8,"tarif_3h":10.2,"tarif_4h":13.6,"tarif_24h":52.8,"abo_resident":133,"abo_non_resident":232,"type_ouvrage":"ouvrage","info":null,"info_temps_reel":true,"last_update":"2026-09-01T11:00:44.402+02:00"},"bbox":[4.83587,45.75653004,4.83587,45.75653004]},{"type":"Feature","id":"parkings-des-operateurs-de-stationnements-de-la-metropole-de-lyon.fid--61bf6ba1_1a074192531_7593","geometry":{"type":"Point","coordinates":[4.822946,45.72944504]},"geometry_name":"the_geom","properties":{"gid":179,"id":"69123-P-111","nom":"LPA Tony Garnier","gestionnaire":"LPA","id_gestionnaire":"LPA0754","insee":"69123","adresse":"12 rue Jonas Salk, 69007, Lyon","url":"http://www.lpa.fr/se-garer-dans-un-parking/tous-les-parkings/tony-garnier/#informations","type_usagers":"tous","gratuit":false,"nb_places":839,"nb_pr":null,"nb_pmr":17,"nb_voitures_electriques":20,"nb_velo":18,"nb_2r_el":null,"nb_autopartage":0,"nb_2_rm":18,"nb_covoit":null,"hauteur_max":"190","num_siret":"96950545200017","tarif_pmr":null,"tarif_1h":3.4,"tarif_2h":6.8,"tarif_3h":10.2,"tarif_4h":13.6,"tarif_24h":49.4,"abo_resident":232,"abo_non_resident":232,"type_ouvrage":"ouvrage","info":null,"info_temps_reel":true,"last_update":"2026-09-01T11:00:44.409+02:00"},"bbox":[4.822946,45.72944504,4.822946,45.72944504]},{"type":"Feature","id":"parkings-des-operateurs-de-stationnements-de-la-metropole-de-lyon.fid--61bf6ba1_1a074192531_7594","geometry":{"type":"Point","coordinates":[4.99742833,45.7717077]},"geometry_name":"the_geom","properties":{"gid":218,"id":"69282-P-004","nom":"Meyzieu Gare","gestionnaire":"TCL","id_gestionnaire":"MEYG","insee":"69282","adresse":null,"url":null,"type_usagers":null,"gratuit":null,"nb_places":104,"nb_pr":104,"nb_pmr":null,"nb_voitures_electriques":null,"nb_velo":null,"nb_2r_el":null,"nb_autopartage":null,"nb_2_rm":null,"nb_covoit":null,"hauteur_max":null,"num_siret":"30807763500024","tarif_pmr":null,"tarif_1h":null,"tarif_2h":null,"tarif_3h":null,"tarif_4h":null,"tarif_24h":null,"abo_resident":null,"abo_non_resident":null,"type_ouvrage":null,"info":"Ouvert de 4h30 à 1h00 du lundi au dimanche","info_temps_reel":true,"last_update":"2026-09-05T05:00:02+02:00"},"bbox":[4.99742833,45.7717077,4.99742833,45.7717077]},{"type":"Feature","id":"parkings-des-operateurs-de-stationnements-de-la-metropole-de-lyon.fid--61bf6ba1_1a074192531_7595","geometry":{"type":"Point","coordinates":[4.80272161,45.76650315]},"geometry_name":"the_geom","properties":{"gid":199,"id":"69123-P-141","nom":"Gorge de Loup","gestionnaire":"TCL","id_gestionnaire":"GOR","insee":"69123","adresse":null,"url":null,"type_usagers":null,"gratuit":null,"nb_places":655,"nb_pr":655,"nb_pmr":null,"nb_voitures_electriques":null,"nb_velo":null,"nb_2r_el":null,"nb_autopartage":null,"nb_2_rm":null,"nb_covoit":null,"hauteur_max":null,"num_siret":"30807763500024","tarif_pmr":null,"tarif_1h":null,"tarif_2h":null,"tarif_3h":null,"tarif_4h":null,"tarif_24h":null,"abo_resident":null,"abo_non_resident":null,"type_ouvrage":null,"info":"Ouvert de 4h30 à 1h00 du lundi au jeudi, et de 4h30 à 3h00 les vendredis et samedis - Fermé les dimanches et jours fériés","info_temps_reel":true,"last_update":"2026-09-05T05:00:02+02:00"},"bbox":[4.80272161,45.76650315,4.80272161,45.76650315]},{"type":"Feature","id":"parkings-des-operateurs-de-stationnements-de-la-metropole-de-lyon.fid--61bf6ba1_1a074192531_7596","geometry":{"type":"Point","coordinates":[4.85260715,45.78494535]},"geometry_name":"the_geom","properties":{"gid":225,"id":"69123-P-147","nom":"Parking Cité Internationale P1","gestionnaire":"INDIGO","id_gestionnaire":"69000200","insee":"69123","adresse":null,"url":null,"type_usagers":null,"gratuit":false,"nb_places":1155,"nb_pr":null,"nb_pmr":null,"nb_voitures_electriques":null,"nb_velo":0,"nb_2r_el":null,"nb_autopartage":null,"nb_2_rm":0,"nb_covoit":null,"hauteur_max":null,"num_siret":null,"tarif_pmr":null,"tarif_1h":null,"tarif_2h":null,"tarif_3h":null,"tarif_4h":null,"tarif_24h":null,"abo_resident":null,"abo_non_resident":null,"type_ouvrage":null,"info":null,"info_temps_reel":true,"last_update":"2024-07-22T11:18:14.472+02:00"},"bbox":[4.85260715,45.78494535,4.85260715,45.78494535]},{"type":"Feature","id":"parkings-des-operateurs-de-stationnements-de-la-metropole-de-lyon.fid--61bf6ba1_1a074192531_7597","geometry":{"type":"Point","coordinates":[4.85903468,45.76690072]},"geometry_name":"the_geom","properties":{"gid":223,"id":"69123-P-145","nom":"Parking Brotteaux","gestionnaire":"Q PARK","id_gestionnaire":"G7YMFGH","insee":"69123","adresse":null,"url":null,"type_usagers":null,"gratuit":false,"nb_places":410,"nb_pr":null,"nb_pmr":10,"nb_voitures_electriques":null,"nb_velo":0,"nb_2r_el":null,"nb_autopartage":0,"nb_2_rm":16,"nb_covoit":null,"hauteur_max":null,"num_siret":null,"tarif_pmr":null,"tarif_1h":null,"tarif_2h":null,"tarif_3h":null,"tarif_4h":null,"tarif_24h":null,"abo_resident":null,"abo_non_resident":null,"type_ouvrage":null,"info":null,"info_temps_reel":true,"last_update":"2024-07-22T11:18:14.471+02:00"},"bbox":[4.85903468,45.76690072,4.85903468,45.76690072]},{"type":"Feature","id":"parkings-des-operateurs-de-stationnements-de-la-metropole-de-lyon.fid--61bf6ba1_1a074192531_7598","geometry":{"type":"Point","coordinates":[4.83136647,45.78642002]},"geometry_name":"the_geom","properties":{"gid":205,"id":"69034-P-004","nom":"Cuire","gestionnaire":"TCL","id_gestionnaire":"CUI","insee":"69034","adresse":null,"url":null,"type_usagers":null,"gratuit":null,"nb_places":78,"nb_pr":78,"nb_pmr":null,"nb_voitures_electriques":null,"nb_velo":null,"nb_2r_el":null,"nb_autopartage":null,"nb_2_rm":null,"nb_covoit":null,"hauteur_max":null,"num_siret":"30807763500024","tarif_pmr":null,"tarif_1h":null,"tarif_2h":null,"tarif_3h":null,"tarif_4h":null,"tarif_24h":null,"abo_resident":null,"abo_non_resident":null,"type_ouvrage":null,"info":"Ouvert de 4h30 à 1h00 du dimanche au jeudi, et de 4h30 à 3h00 les vendredis et samedis - Réservé aux abonnés TCL","info_temps_reel":true,"last_update":"2026-09-05T05:00:02+02:00"},"bbox":[4.83136647,45.78642002,4.83136647,45.78642002]},{"type":"Feature","id":"parkings-des-operateurs-de-stationnements-de-la-metropole-de-lyon.fid--61bf6ba1_1a074192531_7599","geometry":{"type":"Point","coordinates":[5.03447608,45.76622392]},"geometry_name":"the_geom","properties":{"gid":208,"id":"69282-P-003","nom":"Meyzieu les Panettes","gestionnaire":"TCL","id_gestionnaire":"MEYP","insee":"69282","adresse":null,"url":null,"type_usagers":null,"gratuit":null,"nb_places":1225,"nb_pr":1225,"nb_pmr":null,"nb_voitures_electriques":null,"nb_velo":null,"nb_2r_el":null,"nb_autopartage":null,"nb_2_rm":null,"nb_covoit":null,"hauteur_max":null,"num_siret":"30807763500024","tarif_pmr":null,"tarif_1h":null,"tarif_2h":null,"tarif_3h":null,"tarif_4h":null,"tarif_24h":null,"abo_resident":null,"abo_non_resident":null,"type_ouvrage":null,"info":"Ouvert de 4h30 à 1h00, du lundi au vendredi - Fermé les samedis, dimanches et jours fériés","info_temps_reel":false,"last_update":"2026-09-05T05:00:02+02:00"},"bbox":[5.03447608,45.76622392,5.03447608,45.76622392]},{"type":"Feature","id":"parkings-des-operateurs-de-stationnements-de-la-metropole-de-lyon.fid--61bf6ba1_1a074192531_759a","geometry":{"type":"Point","coordinates":[4.8260438,45.74711684]},"geometry_name":"the_geom","properties":{"gid":222,"id":"69123-P-144","nom":"Parking Gare Perrache La Confluence","gestionnaire":"Q PARK","id_gestionnaire":"G7YMH9Y","insee":"69123","adresse":null,"url":null,"type_usagers":null,"gratuit":false,"nb_places":649,"nb_pr":null,"nb_pmr":13,"nb_voitures_electriques":null,"nb_velo":0,"nb_2r_el":null,"nb_autopartage":null,"nb_2_rm":0,"nb_covoit":null,"hauteur_max":null,"num_siret":null,"tarif_pmr":null,"tarif_1h":null,"tarif_2h":null,"tarif_3h":null,"tarif_4h":null,"tarif_24h":null,"abo_resident":null,"abo_non_resident":null,"type_ouvrage":null,"info":null,"info_temps_reel":true,"last_update":"2024-07-22T11:18:14.431+02:00"},"bbox":[4.8260438,45.74711684,4.8260438,45.74711684]},{"type":"Feature","id":"parkings-des-operateurs-de-stationnements-de-la-metropole-de-lyon.fid--61bf6ba1_1a074192531_759b","geometry":{"type":"Point","coordinates":[4.97698787,45.77490867]},"geometry_name":"the_geom","properties":{"gid":214,"id":"69275-P-006","nom":"Décines Grand Large","gestionnaire":"TCL","id_gestionnaire":"DECG","insee":"69275","adresse":null,"url":null,"type_usagers":null,"gratuit":null,"nb_places":55,"nb_pr":55,"nb_pmr":null,"nb_voitures_electriques":null,"nb_velo":null,"nb_2r_el":null,"nb_autopartage":null,"nb_2_rm":null,"nb_covoit":null,"hauteur_max":null,"num_siret":"30807763500024","tarif_pmr":null,"tarif_1h":null,"tarif_2h":null,"tarif_3h":null,"tarif_4h":null,"tarif_24h":null,"abo_resident":null,"abo_non_resident":null,"type_ouvrage":null,"info":"Ouvert de 4h30 à 1h00, du lundi au dimanche","info_temps_reel":true,"last_update":"2026-09-05T05:00:02+02:00"},"bbox":[4.97698787,45.77490867,4.97698787,45.77490867]},{"type":"Feature","id":"parkings-des-operateurs-de-stationnements-de-la-metropole-de-lyon.fid--61bf6ba1_1a074192531_759c","geometry":{"type":"Point","coordinates":[4.88804995,45.70618694]},"geometry_name":"the_geom","properties":{"gid":209,"id":"69259-P-010","nom":"Gare de Vénissieux","gestionnaire":"TCL","id_gestionnaire":"VEN","insee":"69259","adresse":null,"url":null,"type_usagers":null,"gratuit":null,"nb_places":722,"nb_pr":722,"nb_pmr":null,"nb_voitures_electriques":null,"nb_velo":null,"nb_2r_el":null,"nb_autopartage":null,"nb_2_rm":null,"nb_covoit":null,"hauteur_max":null,"num_siret":"30807763500024","tarif_pmr":null,"tarif_1h":null,"tarif_2h":null,"tarif_3h":null,"tarif_4h":null,"tarif_24h":null,"abo_resident":null,"abo_non_resident":null,"type_ouvrage":null,"info":"Ouvert de 4h30 à 1h00 du lundi au jeudi, et de 4h30 à 3h00 les vendredis et samedis - Fermé les dimanches et jours fériés","info_temps_reel":false,"last_update":"2026-09-05T05:00:02+02:00"},"bbox":[4.88804995,45.70618694,4.88804995,45.70618694]},{"type":"Feature","id":"parkings-des-operateurs-de-stationnements-de-la-metropole-de-lyon.fid--61bf6ba1_1a074192531_759d","geometry":{"type":"Point","coordinates":[4.69720996,45.74856036]},"geometry_name":"the_geom","properties":{"gid":219,"id":"69094-P-001","nom":"Grézieu la Varenne","gestionnaire":"TCL","id_gestionnaire":"GREY","insee":"69094","adresse":null,"url":null,"type_usagers":null,"gratuit":null,"nb_places":67,"nb_pr":67,"nb_pmr":null,"nb_voitures_electriques":null,"nb_velo":null,"nb_2r_el":null,"nb_autopartage":null,"nb_2_rm":null,"nb_covoit":null,"hauteur_max":null,"num_siret":"30807763500024","tarif_pmr":null,"tarif_1h":null,"tarif_2h":null,"tarif_3h":null,"tarif_4h":null,"tarif_24h":null,"abo_resident":null,"abo_non_resident":null,"type_ouvrage":null,"info":"En accès libre","info_temps_reel":false,"last_update":"2026-09-05T05:00:02+02:00"},"bbox":[4.69720996,45.74856036,4.69720996,45.74856036]},{"type":"Feature","id":"parkings-des-operateurs-de-stationnements-de-la-metropole-de-lyon.fid--61bf6ba1_1a074192531_759e","geometry":{"type":"Point","coordinates":[4.80440659,45.70191972]},"geometry_name":"the_geom","properties":{"gid":200,"id":"69204-P-003","nom":"St-Genis-Laval Hôp. Sud","gestionnaire":"TCL","id_gestionnaire":"HLS","insee":"69204","adresse":null,"url":null,"type_usagers":null,"gratuit":null,"nb_places":753,"nb_pr":753,"nb_pmr":null,"nb_voitures_electriques":null,"nb_velo":null,"nb_2r_el":null,"nb_autopartage":null,"nb_2_rm":null,"nb_covoit":null,"hauteur_max":null,"num_siret":"30807763500024","tarif_pmr":null,"tarif_1h":null,"tarif_2h":null,"tarif_3h":null,"tarif_4h":null,"tarif_24h":null,"abo_resident":null,"abo_non_resident":null,"type_ouvrage":null,"info":"Ouvert de 4h30 à 1h00 du dimanche au jeudi, et de 4h30 à 3h00 les vendredis et samedis","info_temps_reel":false,"last_update":"2026-09-05T05:00:02+02:00"},"bbox":[4.80440659,45.70191972,4.80440659,45.70191972]},{"type":"Feature","id":"parkings-des-operateurs-de-stationnements-de-la-metropole-de-lyon.fid--61bf6ba1_1a074192531_759f","geometry":{"type":"Point","coordinates":[4.8140949,45.7171879]},"geometry_name":"the_geom","properties":{"gid":215,"id":"69149-P-006","nom":"Oullins La Saulaie Nord","gestionnaire":"TCL","id_gestionnaire":"OULN","insee":"69149","adresse":null,"url":null,"type_usagers":null,"gratuit":null,"nb_places":105,"nb_pr":105,"nb_pmr":null,"nb_voitures_electriques":null,"nb_velo":null,"nb_2r_el":null,"nb_autopartage":null,"nb_2_rm":null,"nb_covoit":null,"hauteur_max":null,"num_siret":"30807763500024","tarif_pmr":null,"tarif_1h":null,"tarif_2h":null,"tarif_3h":null,"tarif_4h":null,"tarif_24h":null,"abo_resident":null,"abo_non_resident":null,"type_ouvrage":null,"info":"Ouvert de 4h30 à 1h00 du dimanche au jeudi, et de 4h30 à 3h00 les vendredis et samedis - Réservé aux abonnés PREMIUM","info_temps_reel":false,"last_update":"2026-09-05T05:00:02+02:00"},"bbox":[4.8140949,45.7171879,4.8140949,45.7171879]},{"type":"Feature","id":"parkings-des-operateurs-de-stationnements-de-la-metropole-de-lyon.fid--61bf6ba1_1a074192531_75a0","geometry":{"type":"Point","coordinates":[4.76295052,45.82346908]},"geometry_name":"the_geom","properties":{"gid":217,"id":"69072-P-002","nom":"Porte de Lyon","gestionnaire":"TCL","id_gestionnaire":"PORL","insee":"69072","adresse":null,"url":null,"type_usagers":null,"gratuit":null,"nb_places":150,"nb_pr":150,"nb_pmr":null,"nb_voitures_electriques":null,"nb_velo":null,"nb_2r_el":null,"nb_autopartage":null,"nb_2_rm":null,"nb_covoit":null,"hauteur_max":null,"num_siret":"30807763500024","tarif_pmr":null,"tarif_1h":null,"tarif_2h":null,"tarif_3h":null,"tarif_4h":null,"tarif_24h":null,"abo_resident":null,"abo_non_resident":null,"type_ouvrage":null,"info":"En accès libre - Présence de 10 arceaux et 20 consignes vélos","info_temps_reel":false,"last_update":"2026-09-05T05:00:02+02:00"},"bbox":[4.76295052,45.82346908,4.76295052,45.82346908]},{"type":"Feature","id":"parkings-des-operateurs-de-stationnements-de-la-metropole-de-lyon.fid--61bf6ba1_1a074192531_75a1","geometry":{"type":"Point","coordinates":[4.83101155,45.68934066]},"geometry_name":"the_geom","properties":{"gid":221,"id":"69100-P-001","nom":"Irigny-Yvours","gestionnaire":"TCL","id_gestionnaire":"IRYV","insee":"69100","adresse":null,"url":null,"type_usagers":null,"gratuit":null,"nb_places":287,"nb_pr":287,"nb_pmr":null,"nb_voitures_electriques":null,"nb_velo":null,"nb_2r_el":null,"nb_autopartage":null,"nb_2_rm":null,"nb_covoit":null,"hauteur_max":null,"num_siret":"30807763500024","tarif_pmr":null,"tarif_1h":null,"tarif_2h":null,"tarif_3h":null,"tarif_4h":null,"tarif_24h":null,"abo_resident":null,"abo_non_resident":null,"type_ouvrage":null,"info":"En accès libre - Présence d'arceaux et consignes vélos","info_temps_reel":false,"last_update":"2026-09-05T05:00:02+02:00"},"bbox":[4.83101155,45.68934066,4.83101155,45.68934066]},{"type":"Feature","id":"parkings-des-operateurs-de-stationnements-de-la-metropole-de-lyon.fid--61bf6ba1_1a074192531_75a2","geometry":{"type":"Point","coordinates":[4.82983497,45.75753007]},"geometry_name":"the_geom","properties":{"gid":224,"id":"69123-P-146","nom":"Parking Bellecour","gestionnaire":"INDIGO","id_gestionnaire":"69000100","insee":"69123","adresse":null,"url":null,"type_usagers":null,"gratuit":false,"nb_places":478,"nb_pr":null,"nb_pmr":null,"nb_voitures_electriques":null,"nb_velo":0,"nb_2r_el":null,"nb_autopartage":null,"nb_2_rm":0,"nb_covoit":null,"hauteur_max":null,"num_siret":null,"tarif_pmr":null,"tarif_1h":null,"tarif_2h":null,"tarif_3h":null,"tarif_4h":null,"tarif_24h":null,"abo_resident":null,"abo_non_resident":null,"type_ouvrage":null,"info":null,"info_temps_reel":true,"last_update":"2024-07-22T11:18:14.472+02:00"},"bbox":[4.82983497,45.75753007,4.82983497,45.75753007]}],"totalFeatures":189,"numberMatched":189,"numberReturned":189,"timeStamp":"2026-09-06T00:25:44.609Z","crs":{"type":"name","properties":{"name":"urn:ogc:def:crs:EPSG::4326"}},"bbox":[4.6752422,45.58669814,5.076918,45.89573844]}